–î–∞—Ç–∞,–ù–∞–∑–≤–∞–Ω–∏–µ –ø–æ—Å—Ç–∞,–¢–µ–∫—Å—Ç—ã,–í–∏–∑—É–∞–ª,–û—Ö–≤–∞—Ç,–ü—Ä–æ—Å–º–æ—Ç—Ä—ã,–õ–∞–π–∫–∏,–ö–æ–º–º–µ–Ω—Ç–∞—Ä–∏–∏,–†–µ–ø–æ—Å—Ç—ã,–°–æ—Ö—Ä–∞–Ω–µ–Ω–∏—è,Weighted_ER,ER_Reach,ER_Views,Virality,Comment_Rate,CTR,Quality_Index,Weighted_ER_clean,ER_Reach_clean,ER_Views_clean,Comment_Rate_clean,–î–ª–∏–Ω–∞_—Ç–µ–∫—Å—Ç–∞,–ö–æ–ª–∏—á–µ—Å—Ç–≤–æ_—Å–ª–æ–≤,–ö–æ–ª–∏—á–µ—Å—Ç–≤–æ_–∞–±–∑–∞—Ü–µ–≤,–ö–æ–ª–∏—á–µ—Å—Ç–≤–æ_—ç–º–æ–¥–∑–∏,–ö–æ–ª–∏—á–µ—Å—Ç–≤–æ_–≤–æ—Å–∫–ª–∏—Ü–∞–Ω–∏–π,–ö–æ–ª–∏—á–µ—Å—Ç–≤–æ_–≤–æ–ø—Ä–æ—Å–æ–≤,–ï—Å—Ç—å_—Å–ø–∏—Å–∫–∏,–ï—Å—Ç—å_–≤–æ–ø—Ä–æ—Å—ã,–ï—Å—Ç—å_–ø—Ä–∏–∑—ã–≤_–∫_–¥–µ–π—Å—Ç–≤–∏—é,–ï—Å—Ç—å_—Å—Å—ã–ª–∫–∏_—Ü–∏—Ç–∞—Ç—ã,–ï—Å—Ç—å_–≤–∏–∑—É–∞–ª
2025-09-30 18:17:00,–í—á–µ—Ä–∞ –º—ã –∑–∞—Ç—Ä–æ–Ω—É–ª–∏ —Ç–µ–º—É —Å–∏–Ω–¥—Ä–æ–º–∞,"–í—á–µ—Ä–∞ –º—ã –∑–∞—Ç—Ä–æ–Ω—É–ª–∏ —Ç–µ–º—É —Å–∏–Ω–¥—Ä–æ–º–∞ —Å–∞–º–æ–∑–≤–∞–Ω—Ü–∞ –∏ —Å—É–¥—è –ø–æ –æ—Ç–∫–ª–∏–∫–∞–º, –æ–Ω–∞ –±–æ–ª–∏—Ç —É –º–Ω–æ–≥–∏—Ö.  –°–µ–≥–æ–¥–Ω—è —è —Ö–æ—á—É –¥–∞—Ç—å –≤–∞–º –∏–Ω—Å—Ç—Ä—É–º–µ–Ω—Ç, –∫–æ—Ç–æ—Ä—ã–π —Ä–∞–±–æ—Ç–∞–µ—Ç –∫–∞–∫ –ª–∏—á–Ω—ã–π –∫–æ—É—á. –≠—Ç–æ—Ç –ø—Ä–æ–º–ø—Ç –ø–æ–º–æ–≥–∞–µ—Ç –Ω–µ–π—Ä–æ—Å–µ—Ç–∏ —Å–æ—Å—Ç–∞–≤–∏—Ç—å –¥–ª—è –≤–∞—Å –ø–µ—Ä—Å–æ–Ω–∞–ª—å–Ω—ã–π –º–æ—Ç–∏–≤–∞—Ü–∏–æ–Ω–Ω—ã–π –ø–ª–∞–Ω: –∫–∞–∫–∏–µ –∏–º–µ–Ω–Ω–æ –ø—Ä–∏–∑–Ω–∞–∫–∏ —Å–∞–º–æ–∑–≤–∞–Ω—Ü–∞ —É –≤–∞—Å –ø—Ä–æ—è–≤–ª—è—é—Ç—Å—è,—á—Ç–æ —Å –Ω–∏–º–∏ –¥–µ–ª–∞—Ç—å –∫–∞–∫ –Ω–∞—á–∞—Ç—å –¥–µ–π—Å—Ç–≤–æ–≤–∞—Ç—å –±–µ–∑ —Å—Ç—Ä–∞—Ö–∞. –ö–æ–ø–∏—Ä—É–π—Ç–µ –ø—Ä–æ–º–ø—Ç –Ω–∏–∂–µ, –ø—Ä–æ–≥–æ–Ω—è–π—Ç–µ —á–µ—Ä–µ–∑ –Ω–µ–π—Ä–æ—Å–µ—Ç—å (–ø–æ–¥–æ–π–¥–µ—Ç –ª—é–±–∞—è: Qwen, Chat GPT, Claude, DeepSeek) –∏ –≤–Ω–∏–º–∞—Ç–µ–ª—å–Ω–æ —á–∏—Ç–∞–π—Ç–µ —Ä–µ–∑—É–ª—å—Ç–∞—Ç. –°–æ–≤–µ—Ç: –±—É–¥—å—Ç–µ –ø—Ä–µ–¥–µ–ª—å–Ω–æ –æ—Ç–∫—Ä–æ–≤–µ–Ω–Ω—ã, –æ—Ç —ç—Ç–æ–≥–æ –∑–∞–≤–∏—Å–∏—Ç —Ä–µ–∑—É–ª—å—Ç–∞—Ç. –ü–†–û–ú–¢ (–∫–æ–ø–∏—Ä—É–π—Ç–µ —ç—Ç–æ—Ç —Ç–µ–∫—Å—Ç) ""–¢—ã ‚Äî —ç–∫—Å–ø–µ—Ä—Ç –ø–æ –ø—Å–∏—Ö–æ–ª–æ–≥–∏–∏ –º–æ—Ç–∏–≤–∞—Ü–∏–∏, —Å–ø–µ—Ü–∏–∞–ª–∏–∑–∏—Ä—É—é—â–∏–π—Å—è –Ω–∞ —Ä–∞–±–æ—Ç–µ —Å —Å–∏–Ω–¥—Ä–æ–º–æ–º —Å–∞–º–æ–∑–≤–∞–Ω—Ü–∞ –∏ –≤–Ω—É—Ç—Ä–µ–Ω–Ω–∏–º–∏ –±–ª–æ–∫–∞–º–∏. –¢–≤–æ—è –∑–∞–¥–∞—á–∞- —Å–æ—Å—Ç–∞–≤–∏—Ç—å –ø–µ—Ä—Å–æ–Ω–∞–ª–∏–∑–∏—Ä–æ–≤–∞–Ω–Ω—ã–π –º–æ—Ç–∏–≤–∞—Ü–∏–æ–Ω–Ω—ã–π –ø–ª–∞–Ω –¥–ª—è —á–µ–ª–æ–≤–µ–∫–∞, –∫–æ—Ç–æ—Ä—ã–π –∏—Å–ø—ã—Ç—ã–≤–∞–µ—Ç –Ω–µ—É–≤–µ—Ä–µ–Ω–Ω–æ—Å—Ç—å –≤ —Å–µ–±–µ, –æ—Ç–∫–ª–∞–¥—ã–≤–∞–µ—Ç –¥–µ–π—Å—Ç–≤–∏—è –∏–∑-–∑–∞ –æ—â—É—â–µ–Ω–∏—è –Ω–µ—Å–æ–æ—Ç–≤–µ—Ç—Å—Ç–≤–∏—è –∏ –ø–æ—Å—Ç–æ—è–Ω–Ω–æ –∑–∞–Ω–∏–∂–∞–µ—Ç —Å–≤–æ–∏ –¥–æ—Å—Ç–∏–∂–µ–Ω–∏—è."" –ï—Å–ª–∏ —Ö–æ—Ç–∏—Ç–µ –ø–æ–ª—É—á–∏—Ç—å –µ—â—ë –±–æ–ª–µ–µ –¥–µ—Ç–∞–ª—å–Ω—ã–π –ø—Ä–æ–º–ø—Ç, –∫–æ—Ç–æ—Ä—ã–π —Ä–∞–∑–ª–æ–∂–∏—Ç –≤–∞—à —Å–∏–Ω–¥—Ä–æ–º —Å–∞–º–æ–∑–≤–∞–Ω—Ü–∞ –±—É–∫–≤–∞–ª—å–Ω–æ ¬´–ø–æ –∫–æ—Å—Ç–æ—á–∫–∞–º¬ª –∏ –¥–∞—Å—Ç —Ä–∞—Å—à–∏—Ä–µ–Ω–Ω—ã–π –ø–ª–∞–Ω –¥–µ–π—Å—Ç–≤–∏–π ‚Äî –ø–∏—à–∏—Ç–µ –≤ –∫–æ–º–º–µ–Ω—Ç–∞—Ä–∏—è—Ö —Å–ª–æ–≤–æ ¬´–•–û–ß–£¬ª –Ø –ø—Ä–∏—à–ª—é –µ–≥–æ –≤–∞–º –≤ –ª–∏—á–Ω—ã–µ —Å–æ–æ–±—â–µ–Ω–∏—è.",,1000,2700,47,266,10,0,60.9,32.3,11.96,1.0,2025-06-26 00:00:00,270.0,110.78,60.9,32.3,11.96,26.6,1109,150,1,0,0,0,1,0,1,1,0
2025-11-15 12:35:00,–ü–µ—Ä–≤—ã–π —Å–Ω–µ–≥ –≤—ã–ø–∞–ª –∞ —É –≤–∞—Å –≤—Å—ë –µ—â—ë –ª–µ—Ç–Ω—è—è,"–ü–µ—Ä–≤—ã–π —Å–Ω–µ–≥ –≤—ã–ø–∞–ª,–∞ —É –≤–∞—Å –≤—Å—ë –µ—â—ë –ª–µ—Ç–Ω—è—è –∞–≤–∞—Ç–∞—Ä–∫–∞? –ù—É –≤—Å—ë, –∫–æ–ª–ª–µ–≥–∏, —Ç–∞–∫ –±–∏–∑–Ω–µ—Å –Ω–µ –≤–µ–¥—É—Ç!  –°–º–æ—Ç—Ä–∏—Ç–µ.–í–∞—à–∏ –∫–ª–∏–µ–Ω—Ç—ã –ª–∏—Å—Ç–∞—é—Ç –ª–µ–Ω—Ç—É. –ù–æ—è–±—Ä—å. –°–Ω–µ–≥. –û–≥–Ω–∏. –ê —É –≤–∞—Å –≤—Å–µ –µ—â–µ –∞–≤–≥—É—Å—Ç 2022, –ø–∞–ª—å–º—ã, —Å–æ–ª–Ω—ã—à–∫–æ... –≠—Ç–æ –Ω–µ –ø—Ä–æ—Å—Ç–æ –≤–∏–∑—É–∞–ª —É—Å—Ç–∞—Ä–µ–ª –≠—Ç–æ –≤–æ—Å–ø—Ä–∏—è—Ç–∏–µ –≤–∞—Å —É—Å—Ç–∞—Ä–µ–ª–æ. –ê —ç–∫—Å–ø–µ—Ä—Ç, –∫–æ—Ç–æ—Ä—ã–π –≤—ã–≥–ª—è–¥–∏—Ç ¬´–≤—á–µ—Ä–∞¬ª, –ø—Ä–æ–¥–∞—ë—Ç‚Ä¶ —Ç–æ–∂–µ ¬´–≤—á–µ—Ä–∞¬ª.–ü–µ—á–∞–ª—å–Ω–æ, –Ω–æ –ø—Ä–∞–≤–¥–∞. –ß—Ç–æ–±—ã —ç—Ç–æ–≥–æ –Ω–µ –±—ã–ª–æ, –¥–µ—Ä–∂–∏—Ç–µ –∑–∏–º–Ω—é—é –Ω–µ–π—Ä–æ—Ñ–æ—Ç–æ—Å–µ—Å—Å–∏—é —Å –ø—Ä–æ–º—Ç–∞–º–∏. –ó–∞—á–µ–º? –ü–æ—Ç–æ–º—É —á—Ç–æ –≤–∏–∑—É–∞–ª ‚Äî —ç—Ç–æ –≤–∞—à–∞ —Ü–µ–Ω–∞. –ö—Ä–∞—Å–∏–≤—ã–µ —Ñ–æ—Ç–æ ‚Üí –¥–æ—Ä–æ–∂–µ –≤–æ—Å–ø—Ä–∏–Ω–∏–º–∞—é—Ç ‚Üí –ª–µ–≥—á–µ –ø–æ–∫—É–ø–∞—é—Ç. –ü–æ—Ç–æ–º—É —á—Ç–æ –Ω–æ—è–±—Ä—å ‚Äî –º–µ—Å—è—Ü, –∫–æ–≥–¥–∞ –∫–ª–∏–µ–Ω—Ç—ã –≤—ã–±–∏—Ä–∞—é—Ç –≥–ª–∞–∑–∞–º–∏. –ü–æ—Ç–æ–º—É —á—Ç–æ –≤—ã –º–æ–∂–µ—Ç–µ –¥–µ–ª–∞—Ç—å —Å–µ–±–µ —Ñ–æ—Ç–æ—Å–µ—Å—Å–∏—é, –Ω–µ –≤—ã—Ö–æ–¥—è –∏–∑ —Ç—ë–ø–ª–æ–π –∫–≤–∞—Ä—Ç–∏—Ä—ã. –î–∞–∂–µ –µ—Å–ª–∏ —á–∞–π–Ω–∏–∫ –≤—Å–∫–∏–ø–µ–ª, –¥–µ—Ç–∏ –∫—Ä–∏—á–∞—Ç, —Å–≤–µ—Ç –≤—ã–∫–ª—é—á–∏–ª–∏. –ù–µ–≤–∞–∂–Ω–æ, –Ω–µ–π—Ä–æ—Å–µ—Ç—å –≤—Å—ë —Ä–∞–≤–Ω–æ —Å–¥–µ–ª–∞–µ—Ç –≤–∞–º –ª–∏—Ü–æ, –∫–∞–∫ –±—É–¥—Ç–æ –≤—ã —Ç–æ–ª—å–∫–æ —á—Ç–æ –≤—ã—à–ª–∏ —Å –æ–±–ª–æ–∂–∫–∏ Vogue. –ö–∞–∫ –ø–æ–ª—å–∑–æ–≤–∞—Ç—å—Å—è: –°–æ—Ö—Ä–∞–Ω—è–µ—Ç–µ –ø—Ä–æ–º—Ç –∏–∑ –∫–∞—Ä—É—Å–µ–ª–∏. –ü–æ–¥–≥—Ä—É–∂–∞–µ—Ç–µ —Å–≤–æ—ë —Ñ–æ—Ç–æ (–¥–∞-–¥–∞, —Ç–æ —Å–∞–º–æ–µ, –≥–¥–µ –≤—ã –≤ –∫–æ—Ñ—Ç–µ ¬´–¥–ª—è –¥–æ–º–∞¬ª —Å –ø—è—Ç–Ω–æ–º –æ—Ç –∫–æ—Ñ–µ, –Ω–µ–π—Ä–æ—Å–µ—Ç—å –≤—Å—ë –∏—Å–ø—Ä–∞–≤–∏—Ç). –ü–æ–ª—É—á–∞–µ—Ç–µ —Å–µ—Ä–∏—é –∑–∏–º–Ω–∏—Ö –∫–∞–¥—Ä–æ–≤, –∫–æ—Ç–æ—Ä—ã–º–∏ –º–æ–∂–Ω–æ –∑–∞–∫—Ä—ã—Ç—å –ª–µ–Ω—Ç—É –Ω–∞ –Ω–µ–¥–µ–ª—é –≤–ø–µ—Ä—ë–¥. –î–µ–ª–∏—Ç–µ—Å—å —Å–≤–æ–∏–º–∏ —à–µ–¥–µ–≤—Ä–∞–º–∏ –≤ –∫–æ–º–º–µ–Ω—Ç–∞—Ä–∏—è—Ö. –ü–æ—Å–º–æ—Ç—Ä–∏–º, –∫—Ç–æ —É –Ω–∞—Å —Ç—É—Ç –±—É–¥—É—â–∞—è —Å–Ω–µ–∂–Ω–∞—è –∫–æ—Ä–æ–ª–µ–≤–∞ –±–∏–∑–Ω–µ—Å–∞  –ò –µ—â–µ.–ï—Å–ª–∏ –≤—ã —Ö–æ—Ç–∏—Ç–µ –Ω–µ –ø—Ä–æ—Å—Ç–æ –∫–∞—Ä—Ç–∏–Ω–∫–∏, –∞ —Å–∏—Å—Ç–µ–º–Ω–æ –∏—Å–ø–æ–ª—å–∑–æ–≤–∞—Ç—å –Ω–µ–π—Ä–æ—Å–µ—Ç–∏, —á—Ç–æ–±—ã: —ç–∫–æ–Ω–æ–º–∏—Ç—å —á–∞—Å—ã –Ω–∞ –∫–æ–Ω—Ç–µ–Ω—Ç –ø–æ–≤—ã—à–∞—Ç—å –∫–æ–Ω–≤–µ—Ä—Å–∏ —Ä–∞–±–æ—Ç–∞—Ç—å –±—ã—Å—Ç—Ä–µ–µ, —á–µ–º –∫–æ–Ω–∫—É—Ä–µ–Ω—Ç—ã –∏ –≤—ã–≥–ª—è–¥–µ—Ç—å –¥–æ—Ä–æ–∂–µ, —á–µ–º —Å—Ç–æ–∏—Ç–µ —Å–µ–π—á–∞ —Ç–æ–≥–¥–∞ –≤–∞–º –∂–∏–∑–Ω–µ–Ω–Ω–æ –Ω–µ–æ–±—Ö–æ–¥–∏–º–æ –ø–æ–ø–∞—Å—Ç—å –Ω–∞ –º–æ–π –ë–ï–°–ü–õ–ê–¢–ù–´–ô –ü–†–ê–ö–¢–ò–ö–£–ú –ü–û –ò–ò. –¢–∞–º —è –æ–±—ä—è—Å–Ω—è—é —Ç–∞–∫, —á—Ç–æ –ø–æ–π–º—ë—Ç –¥–∞–∂–µ —Ç–æ—Ç, –∫—Ç–æ –¥–æ —ç—Ç–æ–≥–æ –±–æ—è–ª—Å—è –Ω–∞–∂–∞—Ç—å –∫–Ω–æ–ø–∫—É ¬´–Ω–∞—á–∞—Ç—å –¥–∏–∞–ª–æ–≥ —Å ChatGPT¬ª –ò –¥–∞—é –ø—Ä–æ–º—Ç—ã, –∫–æ—Ç–æ—Ä—ã–µ —Ä–∞–±–æ—Ç–∞—é—Ç, –∞ –Ω–µ ¬´–Ω—É —Ç–∞–º —á—Ç–æ-—Ç–æ –ø–æ–ø—Ä–æ–±—É–π—Ç–µ¬ª. –°—Å—ã–ª–∫–∞ –≤ –∫–æ–º–º–µ–Ω—Ç–∞—Ä–∏—è—Ö. –ö—Ç–æ –∏–¥—ë—Ç ‚Äî —Å—Ç–∞–≤—å—Ç–µ —Å–µ—Ä–¥–µ—á–∫–æ, —á—Ç–æ–±—ã —è –≤–∞—Å –Ω–µ –ø–æ—Ç–µ—Ä—è–ª–∞.",,759,2000,78,18,35,0,28.85,17.26,6.55,4.61,2.37,263.5,91.52,28.85,17.26,6.55,2.37,1625,252,1,0,1,2,1,1,1,1,0
2025-11-07 09:03:00,–ó–∞–ø–∏—Å—å –æ—Ç 2025-11-07 09:03:30,"–°–µ–≥–æ–¥–Ω—è –º–æ–µ–º—É –í–∞–ª–µ–Ω—Ç–∏–Ω—É 30 –ª–µ—Ç  –ü–∏–ø–µ—Ü, –≤—Ä–æ–¥–µ —Ç–æ–ª—å–∫–æ –≤—á–µ—Ä–∞ –º–Ω–µ –±—ã–ª–æ 20 –∏ –º–µ–Ω—è –≤ —Ä–æ–¥–¥–æ–º –ø—Ä–∏–≤–µ–∑–ª–∏ –ü–æ–º–Ω—é, –∫–∞–∫ –≤ —à–∫–æ–ª—É –≤—ã–∑—ã–≤–∞–ª–∏ —á—É—Ç—å –ª–∏ –Ω–µ –∫–∞–∂–¥—É—é –Ω–µ–¥–µ–ª—é. ""–í–∞—à —Å—ã–Ω –æ–ø—è—Ç—å..."" - –∏ –¥–∞–ª—å—à–µ —Å–ø–∏—Å–æ–∫. –í 9 –∫–ª–∞—Å—Å–µ –Ω–∞–º —Å–≤–µ—Ç–∏–ª–∞ –≥–æ–¥–æ–≤–∞—è –¥–≤–æ–π–∫–∞ –ø–æ —Ä—É—Å—Å–∫–æ–º—É (–†–£–°–°–ö–û–ú–£, –ö–∞—Ä–ª!). –ê —Ç—Ä–∞–≤–º–∞—Ç–æ–ª–æ–≥–∏—è? –ú—ã —Ç–∞–º –±—ã–ª–∏ VIP-–∫–ª–∏–µ–Ω—Ç–∞–º–∏. –≠—Ç–æ—Ç —Ä–µ–±–µ–Ω–æ–∫ —É–º—É–¥—Ä—è–ª—Å—è –ª–æ–º–∞—Ç—å –∏ –ø—Ä–æ—à–∏–±–∞—Ç—å —Å–µ–±–µ –í–°–Å. –Ø —É–∂–µ –¥—É–º–∞–ª–∞ - –º–æ–∂–µ—Ç, –∫–∞—Å–∫—É –µ–º—É –∫—Ä—É–≥–ª–æ—Å—É—Ç–æ—á–Ω–æ –Ω–æ—Å–∏—Ç—å?  –ê –ø–æ—Ç–æ–º –ë–ê–¶ - –ø–æ—Å–ª–µ –¥–≤—É—Ö –∫—É—Ä—Å–æ–≤ —Å—É–¥–æ–º–µ—Ö–∞–Ω–∏–∫–∏ –∑–∞—è–≤–ª—è–µ—Ç: ""–ú–∞–º, –±—É–¥—É –ø—Ä–æ–≥—Ä–∞–º–º–∏—Å—Ç–æ–º"" –Ø –æ—Ä–∞–ª–∞. –†–µ–∞–ª—å–Ω–æ –æ—Ä–∞–ª–∞. –ì–æ–¥ –ø–æ—Ç–µ—Ä—è–ª–∏! –ë—é–¥–∂–µ—Ç! –ü–µ—Ä–µ–≤–æ–¥! –ê –ø–æ—Ç–æ–º –µ—â–µ –∏ –∞—Ä–º–∏—è –ø–æ—Å—Ä–µ–¥–∏ —É—á–µ–±—ã - –≤–æ–µ–Ω–Ω–æ-–∫–æ—Å–º–∏—á–µ—Å–∫–∏–µ –≤–æ–π—Å–∫–∞ –Ω–∞ –≥–æ–¥–∏–∫. –ò –∑–Ω–∞–µ—Ç–µ —á—Ç–æ? –°–µ–π—á–∞—Å —ç—Ç–æ—Ç ""–¥–≤–æ–µ—á–Ω–∏–∫ –ø–æ —Ä—É—Å—Å–∫–æ–º—É"" –∑–∞—Ä–∞–±–∞—Ç—ã–≤–∞–µ—Ç –±–æ–ª—å—à–µ –≤—Å–µ—Ö –æ–¥–Ω–æ–∫–ª–∞—Å—Å–Ω–∏–∫–æ–≤. –û–Ω–ª–∞–π–Ω-—à–∫–æ–ª—ã –≤ –æ—á–µ—Ä–µ–¥—å —Å—Ç–æ—è—Ç, —á—Ç–æ–±—ã –æ–Ω –∏—Ö –ø—Ä–æ–µ–∫—Ç—ã –≤–µ–ª. –ö–ª–∏–µ–Ω—Ç—ã –µ–≥–æ –æ–±–æ–∂–∞—é—Ç. –° —Å–µ—Å—Ç—Ä–æ–π - –¥—É—à–∞ –≤ –¥—É—à—É. –£ –Ω–µ–≥–æ —Å–µ–º—å—è, –æ–Ω–∏ –æ–±–∞ –Ω–µ—Ñ–æ—Ä–º–∞–ª—å–Ω—ã–µ - –≤ –¥—Ä–µ–¥–∞—Ö –∏ —Ç–∞—Ç—É—à–∫–∞—Ö, 4 –∫–æ—à–∫–∏ (–ß–ï–¢–´–†–ï!) –∏ —Å–∫–æ—Ä–æ —è —Å—Ç–∞–Ω—É –±–∞–±—É—à–∫–æ–π  –í–Ω—É–∫ –±—É–¥–µ—Ç - –ü–∞—à–∞ –∏–ª–∏ –î–∞–Ω–∏–ª–∞, –µ—â–µ –Ω–µ —Ä–µ—à–∏–ª–∏. –í–æ—Ç —Å–∏–∂—É –∏ –¥—É–º–∞—é - —Ö–æ—Ä–æ—à–æ, —á—Ç–æ —Ç–æ–≥–¥–∞ —Ö–≤–∞—Ç–∏–ª–æ –º–æ–∑–≥–æ–≤ –Ω–µ –¥—É—à–∏—Ç—å –µ–≥–æ ""–ø—Ä–∞–≤–∏–ª—å–Ω—ã–º –ø—É—Ç–µ–º"". –ü—É—Å—Ç—å –±—ã–ª —Å–≤–æ–π, –∫—Ä–∏–≤–æ–π, —á–µ—Ä–µ–∑ –æ—à–∏–±–∫–∏ –∏ —Å–ª–æ–º–∞–Ω–Ω—ã–µ –∫–æ—Å—Ç–∏, –Ω–æ –°–í–û–ô. –ì–æ—Ä–∂—É—Å—å —Ç–æ–±–æ–π, –º–æ–π —Ö–æ—Ä–æ—à–∏–π. –ò –∫–∞–∫ —á–µ–ª–æ–≤–µ–∫–æ–º, –∏ –∫–∞–∫ –ø—Ä–æ—Ñ–µ—Å—Å–∏–æ–Ω–∞–ª–æ–º. –¢—ã –∫—Ä—É—Ç–æ–π  P.S. –ê —Å —Ä—É—Å—Å–∫–∏–π —è–∑—ã–∫–æ–º –¥–æ —Å–∏—Ö –ø–æ—Ä –ø—Ä–æ–±–ª–µ–º—ã –ó–∞—Ç–æ –∫–æ–¥ –ø–∏—à–µ—Ç - –∑–∞–≥–ª—è–¥–µ–Ω—å–µ!",,652,1900,73,8,1,0,2025-11-14 00:00:00,12.58,4.32,0.15,1.23,291.41,93.33,14.11042944785276,12.58,4.32,1.23,1254,210,1,0,6,3,0,1,1,1,0
2025-10-24 10:00:00,–ü—Ä–∏–≤–µ—Ç —Å–º–µ–ª—å—á–∞–∫–∏,"–ü—Ä–∏–≤–µ—Ç, —Å–º–µ–ª—å—á–∞–∫–∏!  –°–µ–≥–æ–¥–Ω—è –≤—ã —Å–¥–µ–ª–∞–µ—Ç–µ —Ç–æ, —á—Ç–æ —Ä–∞–Ω—å—à–µ –∫–∞–∑–∞–ª–æ—Å—å —Å–ª–æ–∂–Ω—ã–º ‚Äî –Ω–∞–ø–∏—à–µ—Ç–µ –ø–æ—Å—Ç —Å –ø–æ–º–æ—â—å—é –∏—Å–∫—É—Å—Å—Ç–≤–µ–Ω–Ω–æ–≥–æ –∏–Ω—Ç–µ–ª–ª–µ–∫—Ç–∞. –ù–æ —ç—Ç–æ –±—É–¥–µ—Ç –Ω–µ –ø—Ä–æ—Å—Ç–æ —Ç–µ–∫—Å—Ç, —ç—Ç–æ –±—É–¥–µ—Ç –ø–æ—Å—Ç –ø—Ä–æ –≤–∞—Å, –≤–∞—à—É –∏—Å—Ç–æ—Ä–∏—é –∏ –≤–∞—à –ø–µ—Ä–≤—ã–π —à–∞–≥ –≤ –º–∏—Ä —Ç–µ—Ö–Ω–æ–ª–æ–≥–∏–π! –ú—ã –≤—Å—ë —Ä–∞–∑–ª–æ–∂–∏–ª–∏ –ø–æ —à–∞–≥–∞–º. –ü—Ä–æ—Å—Ç–æ —Å–ª–µ–¥—É–π—Ç–µ –∏–Ω—Å—Ç—Ä—É–∫—Ü–∏–∏  –ù–ê–ü–û–ú–ò–ù–ê–ù–ò–ï: –ï—Å–ª–∏ –≤—ã –µ—â—ë –Ω–µ —Å–¥–µ–ª–∞–ª–∏ —Ä–µ–ø–æ—Å—Ç –∞–Ω–æ–Ω—Å–Ω–æ–≥–æ –ø–æ—Å—Ç–∞ —á–µ–ª–ª–µ–Ω–¥–∂–∞, —Å–¥–µ–ª–∞–π—Ç–µ —ç—Ç–æ —Å–µ–π—á–∞—Å! –≠—Ç–æ –æ–±—è–∑–∞—Ç–µ–ª—å–Ω–æ–µ —É—Å–ª–æ–≤–∏–µ –¥–ª—è —É—á–∞—Å—Ç–∏—è –≤ –∫–æ–Ω–∫—É—Ä—Å–µ –Ω–∞ –≥–ª–∞–≤–Ω—ã–π –ø—Ä–∏–∑ ‚Äî –∏–Ω—Ç–µ–Ω—Å–∏–≤ ""–ù–µ–π—Ä–æ–≠–ø–æ—Ö–∞ –í–ö"". –®–ê–ì 1: –í—ã–±–µ—Ä–∏—Ç–µ —Å–µ—Ä–≤–∏—Å –¥–ª—è —Ä–∞–±–æ—Ç—ã —Å –ò–ò –í–∞–º –Ω—É–∂–µ–Ω —á–∞—Ç-–±–æ—Ç, –∫–æ—Ç–æ—Ä—ã–π —É–º–µ–µ—Ç –ø–æ–º–æ–≥–∞—Ç—å —Å —Ç–µ–∫—Å—Ç–∞–º–∏. –ú–æ–∂–µ—Ç–µ —Ä–∞–±–æ—Ç–∞—Ç—å –≤ –Ø–Ω–¥–µ–∫—ÅGPT (–æ–Ω–∞ –∂–µ –ê–ª–∏—Å–∞), –ª–∏–±–æ –≤—ã–±—Ä–∞—Ç—å –ª—é–±—É—é –¥—Ä—É–≥—É—é –Ω–µ–π—Ä–æ—Å–µ—Ç—å –í–∞—Ä–∏–∞–Ω—Ç 1: –ù–µ–π—Ä–æ—Å–µ—Ç—å: –Ø–Ω–¥–µ–∫—ÅGPT (–Ω–∞ —Ä—É—Å—Å–∫–æ–º) –°—Å—ã–ª–∫–∞: alice.yandex.ru –í—Ö–æ–¥ —á–µ—Ä–µ–∑ –Ø–Ω–¥–µ–∫—Å-–∞–∫–∫–∞—É–Ω—Ç –í–∞—Ä–∏–∞–Ω—Ç 2: Qwen A –°—Å—ã–ª–∫–∞: chat.qwen.ai/ –†–∞–±–æ—Ç–∞–µ—Ç –∏–∑ –†–æ—Å—Å–∏–∏ –±–µ–∑ VPN, –ø–æ–¥–¥–µ—Ä–∂–∏–≤–∞–µ—Ç —Ä—É—Å—Å–∫–∏–π —è–∑—ã–∫ –ù—É–∂–Ω–∞ —Ä–µ–≥–∏—Å—Ç—Ä–∞—Ü–∏—è —á–µ—Ä–µ–∑ email –®–ê–ì 2: –°–∫–æ–ø–∏—Ä—É–π—Ç–µ –≥–æ—Ç–æ–≤—ã–π –ø—Ä–æ–º—Ç –∏ –Ω–∞—á–Ω–∏—Ç–µ –¥–∏–∞–ª–æ–≥ –ù–∏–∂–µ –≥–æ—Ç–æ–≤—ã–π —Ç–µ–∫—Å—Ç, –ø—Ä–æ—Å—Ç–æ —Å–∫–æ–ø–∏—Ä—É–π—Ç–µ –µ–≥–æ –ø–æ–ª–Ω–æ—Å—Ç—å—é –∏ –≤—Å—Ç–∞–≤—å—Ç–µ –≤ –æ–∫–Ω–æ —á–∞—Ç–∞ —Å –ò–ò: –ö–û–ü–ò–†–£–ô–¢–ï  ""–¢—ã ‚Äî –º–æ–π –ª–∏—á–Ω—ã–π –∫–æ—É—á –ø–æ —É–≤–µ—Ä–µ–Ω–Ω–æ—Å—Ç–∏. –Ø —Ç–æ–ª—å–∫–æ –Ω–∞—á–∏–Ω–∞—é –∑–Ω–∞–∫–æ–º—Å—Ç–≤–æ —Å –∏—Å–∫—É—Å—Å—Ç–≤–µ–Ω–Ω—ã–º –∏–Ω—Ç–µ–ª–ª–µ–∫—Ç–æ–º –∏ –Ω–µ–º–Ω–æ–≥–æ –≤–æ–ª–Ω—É—é—Å—å. –¢–≤–æ—è –∑–∞–¥–∞—á–∞ ‚Äî –ø—Ä–æ–≤–µ—Å—Ç–∏ —Å–æ –º–Ω–æ–π –¥–∏–∞–ª–æ–≥ –∏ –∑–∞—Ç–µ–º –Ω–∞–ø–∏—Å–∞—Ç—å –ø–æ—Å—Ç –ó–∞–¥–∞–π –º–Ω–µ –ø–æ –æ—á–µ—Ä–µ–¥–∏ 4 –≤–æ–ø—Ä–æ—Å–∞ (–ø–æ –æ–¥–Ω–æ–º—É –∑–∞ —Ä–∞–∑, –∂–¥–∏ –º–æ–π –æ—Ç–≤–µ—Ç –ø–µ—Ä–µ–¥ —Å–ª–µ–¥—É—é—â–∏–º –≤–æ–ø—Ä–æ—Å–æ–º): 1. –†–∞—Å—Å–∫–∞–∂–∏, –∫—Ç–æ —Ç—ã? (–ø—Ä–æ—Ñ–µ—Å—Å–∏—è, —Ä–æ–¥ –∑–∞–Ω—è—Ç–∏–π, —Å–µ–º—å—è, —É–≤–ª–µ—á–µ–Ω–∏—è) 2. –û —á—ë–º —Ç—ã –º–µ—á—Ç–∞–µ—à—å? –ß—Ç–æ —Ö–æ—á–µ—à—å –∏–∑–º–µ–Ω–∏—Ç—å –≤ —Å–≤–æ–µ–π –∂–∏–∑–Ω–∏? 3. –ë—ã–ª–∏ –ª–∏ —É —Ç–µ–±—è —Å—Ç—Ä–∞—Ö–∏ –∏–ª–∏ —Å–æ–º–Ω–µ–Ω–∏—è –ø–æ –ø–æ–≤–æ–¥—É –∏—Å–∫—É—Å—Å—Ç–≤–µ–Ω–Ω–æ–≥–æ –∏–Ω—Ç–µ–ª–ª–µ–∫—Ç–∞ –∏ —Ç–µ—Ö–Ω–æ–ª–æ–≥–∏–π? 4. –ß—Ç–æ —Ç—ã —á—É–≤—Å—Ç–≤—É–µ—à—å —Å–µ–π—á–∞—Å, –∫–æ–≥–¥–∞ –æ–±—â–∞–µ—à—å—Å—è —Å–æ –º–Ω–æ–π (—Å –ò–ò) –≤ –ø–µ—Ä–≤—ã–π —Ä–∞–∑? –ü–æ—Å–ª–µ —Ç–æ–≥–æ –∫–∞–∫ —è –æ—Ç–≤–µ—á—É –Ω–∞ –≤—Å–µ 4 –≤–æ–ø—Ä–æ—Å–∞, —Å–æ–±–µ—Ä–∏ –≤—Å—é –∏–Ω—Ñ–æ—Ä–º–∞—Ü–∏—é –æ–±–æ –º–Ω–µ –∏ –Ω–∞–ø–∏—à–∏ –∫–æ—Ä–æ—Ç–∫–∏–π –≤–¥–æ—Ö–Ω–æ–≤–ª—è—é—â–∏–π –ø–æ—Å—Ç (5-7 –ø—Ä–µ–¥–ª–æ–∂–µ–Ω–∏–π) –û–ë–û –ú–ù–ï –∏ –º–æ—ë–º –ø–µ—Ä–≤–æ–º –æ–ø—ã—Ç–µ —Å –ò–ò. –í –ø–æ—Å—Ç–µ –æ–±—è–∑–∞—Ç–µ–ª—å–Ω–æ –æ—Ç—Ä–∞–∑–∏ - –ö—Ç–æ —è –∏ —á–µ–º –∑–∞–Ω–∏–º–∞—é—Å—å –ß—Ç–æ —è –ø—Ä–µ–æ–¥–æ–ª–µ–ª —Å—Ç—Ä–∞—Ö –∏–ª–∏ —Å–æ–º–Ω–µ–Ω–∏ - –ß—Ç–æ —è –º–æ–ª–æ–¥–µ—Ü, –ø–æ—Ç–æ–º—É —á—Ç–æ —Å–¥–µ–ª–∞–ª –ø–µ—Ä–≤—ã–π —à–∞ - –ß—Ç–æ —ç—Ç–æ—Ç –ø–æ—Å—Ç –Ω–∞–ø–∏—Å–∞–Ω —Å –ø–æ–º–æ—â—å—é –Ω–µ–π—Ä–æ—Å–µ—Ç–∏ –ö–∞–∫ –ò–ò –º–æ–∂–µ—Ç –ø–æ–º–æ—á—å –∏–º–µ–Ω–Ω–æ –º–Ω–µ –≤ –º–æ–µ–π —Å–∏—Ç—É–∞—Ü–∏–∏ –ü–∏—à–∏ –æ—Ç –ø–µ—Ä–≤–æ–≥–æ –ª–∏—Ü–∞ (–æ—Ç –º–æ–µ–≥–æ –∏–º–µ–Ω–∏), —Ç–µ–ø–ª–æ –∏ –≤–¥–æ—Ö–Ω–æ–≤–ª—è—é—â–µ. –í –∫–æ–Ω—Ü–µ –¥–æ–±–∞–≤—å –ø—Ä–∏–∑—ã–≤ –∫ –¥–µ–π—Å—Ç–≤–∏—é –∏ —Ö—ç—à—Ç–µ–≥ –ø—Ä–æ –ø—Ä–µ–æ–¥–æ–ª–µ–Ω–∏–µ –∏ —Ä–∞–∑–≤–∏—Ç–∏–µ"". –®–ê–ì 3: –ü—Ä–æ–≤–µ–¥–∏—Ç–µ –¥–∏–∞–ª–æ–≥ —Å –ò–ò –ß—Ç–æ –±—É–¥–µ—Ç –ø—Ä–æ–∏—Å—Ö–æ–¥–∏—Ç—å- –ò–ò –∑–∞–¥–∞—Å—Ç –≤–∞–º 4 –ø—Ä–æ—Å—Ç—ã—Ö –≤–æ–ø—Ä–æ—Å–∞ –æ –≤–∞—Å –û—Ç–≤–µ—á–∞–π—Ç–µ —á–µ—Å—Ç–Ω–æ –∏ —Ä–∞–∑–≤–µ—Ä–Ω—É—Ç - –ü–æ—Å–ª–µ –≤–∞—à–∏—Ö –æ—Ç–≤–µ—Ç–æ–≤ –ò–ò –Ω–∞–ø–∏—à–µ—Ç –ø–æ—Å—Ç –æ—Ç –≤–∞—à–µ–≥–æ –∏–º–µ–Ω–∏ –ø—Ä–æ –≤–∞—Å –∏ –≤–∞—à –ø–µ—Ä–≤—ã–π –æ–ø—ã—Ç —Ä–∞–±–æ—Ç—ã —Å –Ω–µ–π—Ä–æ—Å–µ—Ç—å—é –ì–æ—Ç–æ–≤–æ! –®–ê–ì 4: –û–ø—É–±–ª–∏–∫—É–π—Ç–µ –ø–æ—Å—Ç —É —Å–µ–±—è –Ω–∞ —Å—Ç–µ–Ω–µ –≤–æ –í–ö–æ–Ω—Ç–∞–∫—Ç –°–∫–æ–ø–∏—Ä—É–π—Ç–µ —Ç–µ–∫—Å—Ç, –∫–æ—Ç–æ—Ä—ã–π –Ω–∞–ø–∏—Å–∞–ª –ò–ò –ó–∞–π–¥–∏—Ç–µ –Ω–∞ —Å–≤–æ—é —Å—Ç—Ä–∞–Ω–∏—Ü—É –í–ö–æ–Ω—Ç–∞–∫—Ç–µ –ù–∞–∂–º–∏—Ç–µ ""–ß—Ç–æ —É –≤–∞—Å –Ω–æ–≤–æ–≥–æ?"" –í—Å—Ç–∞–≤—å—Ç–µ —Ç–µ–∫—Å—Ç –æ—Ç –ò ‚úì –î–æ–±–∞–≤—å—Ç–µ –ø–æ–¥–ø–∏—Å—å –≤ –∫–æ–Ω—Ü–µ: ""#–ù–µ–π—Ä–æ–î–≤–∏–∂ –î–µ–Ω—å 1. –ú–æ–π –ø–µ—Ä–≤—ã–π –ø–æ—Å—Ç —Å –ø–æ–º–æ—â—å—é –ò–ò! @neyronatela ‚úì –ù–∞–∂–º–∏—Ç–µ ""–û–ø—É–±–ª–∏–∫–æ–≤–∞—Ç—å"" –®–ê–ì 5: –í –∫–æ–º–º–µ–Ω—Ç–∞—Ä–∏—è—Ö –ø–æ–¥ —ç—Ç–∏–º –ø–æ—Å—Ç–æ–º –ø–æ–¥–µ–ª–∏—Ç–µ—Å—å —Å—Å—ã–ª–∫–æ–π –Ω–∞ —Å–≤–æ–π –ø–æ—Å—Ç –∏ –Ω–∞–ø–∏—à–∏—Ç–µ, –∫–∞–∫–∏–µ —ç–º–æ—Ü–∏–∏ –≤—ã –∏—Å–ø—ã—Ç–∞–ª–∏ –æ—Ç –ø–µ—Ä–≤–æ–≥–æ –æ–±—â–µ–Ω–∏—è —Å –ò–ò. –¢–∞–∫ –º—ã –≤—Å–µ —Å–º–æ–∂–µ–º –ø–æ–¥–¥–µ—Ä–∂–∞—Ç—å –¥—Ä—É–≥ –¥—Ä—É–≥–∞ –∏ –≤–¥–æ—Ö–Ω–æ–≤–∏—Ç—å—Å—è –≤–∞—à–∏–º–∏ –∏—Å—Ç–æ—Ä–∏—è–º–∏. –í–µ—á–µ—Ä–æ–º –≤ 21:00 –æ–ø—É–±–ª–∏–∫—É–µ–º –ª—É—á—à–∏–µ —Ä–∞–±–æ—Ç—ã –¥–Ω—è!  –ï—Å–ª–∏ –≤–æ–∑–Ω–∏–∫–ª–∏ –≤–æ–ø—Ä–æ—Å—ã ‚Äî –ø–∏—à–∏—Ç–µ –≤ –∫–æ–º–º–µ–Ω—Ç–∞—Ä–∏—è—Ö –∏–ª–∏ –ª–∏—á–Ω—ã–µ —Å–æ–æ–±—â–µ–Ω–∏—è, –æ–±—è–∑–∞—Ç–µ–ª—å–Ω–æ –ø–æ–º–æ–∂–µ–º!",,661,2000,29,20,8,0,2025-07-14 00:00:00,8.62,2.85,1.21,2025-03-03 00:00:00,302.57,97.13,14.069591527987896,8.62,2.85,3.0257186081694405,2915,478,1,2,7,6,1,1,1,1,0
2025-10-25 10:00:00,–ó–ê–î–ê–ù–ò–ï –î–ù–Ø 2 –ú–û–ô –ü–ï–†–í–´–ô –í–ò–ó–£,"üì¢ –ó–ê–î–ê–ù–ò–ï –î–ù–Ø 2: –ú–û–ô –ü–ï–†–í–´–ô –í–ò–ó–£–ê–õ –° –ò–ò üé® –°–µ–≥–æ–¥–Ω—è —Ç—ã —Å–¥–µ–ª–∞–µ—à—å –∏–ª–ª—é—Å—Ç—Ä–∞—Ü–∏—é, –∫–æ—Ç–æ—Ä–∞—è –æ—Ç—Ä–∞–∂–∞–µ—Ç —Ç–≤–æ—é –ª–∏—á–Ω—É—é –∏—Å—Ç–æ—Ä–∏—é –ø–µ—Ä–≤–æ–≥–æ —à–∞–≥–∞ —Å –ò–ò! –®–ê–ì 1. –í–Ω–∏–º–∞—Ç–µ–ª—å–Ω–æ –ø–µ—Ä–µ—á–∏—Ç–∞–π –ø–æ—Å—Ç, –∫–æ—Ç–æ—Ä—ã–π —Ç—ã –≤—á–µ—Ä–∞ –Ω–∞–ø–∏—Å–∞–ª —Å –ø–æ–º–æ—â—å—é –∏—Å–∫—É—Å—Å—Ç–≤–µ–Ω–Ω–æ–≥–æ –∏–Ω—Ç–µ–ª–ª–µ–∫—Ç–∞. –ü–æ—á—É–≤—Å—Ç–≤—É–π –ö–∞–∫—É—é –≥–ª–∞–≤–Ω—É—é —ç–º–æ—Ü–∏—é —ç—Ç–æ—Ç –ø–æ—Å—Ç –≤—ã–∑—ã–≤–∞–µ—Ç? –û —á—ë–º —Ç–≤–æ—è –∏—Å—Ç–æ—Ä–∏—è? (–ø—Ä–æ –ø—Ä–µ–æ–¥–æ–ª–µ–Ω–∏–µ, –º–µ—á—Ç—É, —Ä–∞–¥–æ—Å—Ç—å, —É–¥–∏–≤–ª–µ–Ω–∏–µ, –æ—Ç–∫—Ä—ã—Ç–∏–µ, –Ω–æ–≤—ã–π –æ–ø—ã—Ç) –®–ê–ì 2. –°—Ñ–æ—Ä–º—É–ª–∏—Ä—É–π —Å–≤–æ–π –ø—Ä–æ–º—Ç –¥–ª—è –∏–∑–æ–±—Ä–∞–∂–µ–Ω–∏—è –°–∫–æ–ø–∏—Ä—É–π –∏ –¥–æ–ø–æ–ª–Ω–∏ —à–∞–±–ª–æ–Ω –ø—Ä–æ–º—Ç–∞: –ö–û–ü–ò–†–£–ô üëá ""–°–æ–∑–¥–∞–π –∏–ª–ª—é—Å—Ç—Ä–∞—Ü–∏—é –∫ –º–æ–µ–º—É –ø–µ—Ä–≤–æ–º—É –ø–æ—Å—Ç—É –æ –∑–Ω–∞–∫–æ–º—Å—Ç–≤–µ —Å –ò–ò. –ê—Ç–º–æ—Å—Ñ–µ—Ä–∞ ‚Äî [–Ω–∞–ø–∏—à–∏ —Å–≤–æ—ë –≥–ª–∞–≤–Ω–æ–µ —á—É–≤—Å—Ç–≤–æ –∏–ª–∏ –∏–¥–µ—é, –Ω–∞–ø—Ä–∏–º–µ—Ä: –ø—Ä–µ–æ–¥–æ–ª–µ–Ω–∏–µ —Å—Ç—Ä–∞—Ö–∞, –æ—Ç–∫—Ä—ã—Ç–∏–µ –Ω–æ–≤–æ–≥–æ, —Ä–∞–¥–æ—Å—Ç—å, –º–µ—á—Ç–∞, —É–¥–∏–≤–ª–µ–Ω–∏–µ]. –ü—É—Å—Ç—å –Ω–∞ –∫–∞—Ä—Ç–∏–Ω–∫–µ –±—É–¥–µ—Ç/–≤–∏–¥–Ω–æ: [–ø—Ä–µ–¥–º–µ—Ç—ã, —Å—Ü–µ–Ω–∞ –∏–ª–∏ —Å–∏—Ç—É–∞—Ü–∏—è –∏–∑ —Ç–≤–æ–µ–π –∏—Å—Ç–æ—Ä–∏–∏, –Ω–∞–ø—Ä–∏–º–µ—Ä: —è –¥–µ–ª–∞—é –ø–µ—Ä–≤—ã–π —à–∞–≥, —Å–≤–µ—Ç, –æ–∫–Ω–æ, –Ω–æ—É—Ç–±—É–∫, –æ—Ç–∫—Ä—ã—Ç—É—é –¥–≤–µ—Ä—å –∏ —Ç.–¥.]. –¶–≤–µ—Ç–∞: [—Ç–≤–æ–∏ –ª—é–±–∏–º—ã–µ –∏–ª–∏ –ø–æ–¥—Ö–æ–¥—è—â–∏–µ –æ—Ç—Ç–µ–Ω–∫–∏]. –°—Ç–∏–ª—å: [—Å–æ–≤—Ä–µ–º–µ–Ω–Ω—ã–π, –º–∏–Ω–∏–º–∞–ª–∏–∑–º, –¥—É–¥–ª, –∞–∫–≤–∞—Ä–µ–ª—å –∏–ª–∏ –¥—Ä—É–≥–æ–π –Ω–∞ —Ç–≤–æ–π –≤–∫—É—Å]. –ë–µ–∑ —Ç–µ–∫—Å—Ç–∞. –®–ê–ì 3. –í–≤–µ–¥–∏ –ø—Ä–æ–º—Ç –≤ –≥–µ–Ω–µ—Ä–∞—Ç–æ—Ä –í—ã–±–µ—Ä–∏ –≥–µ–Ω–µ—Ä–∞—Ç–æ—Ä (–≤—Å–µ —Ä–∞–±–æ—Ç–∞—é—Ç –≤ –†–§): –®–µ–¥–µ–≤—Ä—É–º –æ—Ç –Ø–Ω–¥–µ–∫—Å–∞: shedevrum.ai/ Leonardo AI: leonardo.ai/ –°–∫–æ–ø–∏—Ä—É–π –ø–µ—Ä—Å–æ–Ω–∞–ª—å–Ω—ã–π –ø—Ä–æ–º—Ç –≤ –ø–æ–ª–µ –¥–ª—è —Ç–µ–∫—Å—Ç–∞ ‚Üí –Ω–∞–∂–º–∏ ¬´–°–æ–∑–¥–∞—Ç—å¬ª ‚Üí –≤—ã–±–µ—Ä–∏ –∏ —Å–∫–∞—á–∞–π –ø–æ–Ω—Ä–∞–≤–∏–≤—à–∏–π—Å—è –≤–∞—Ä–∏–∞–Ω—Ç. –®–ê–ì 4. –û–ø—É–±–ª–∏–∫—É–π –Ω–æ–≤—ã–π –ø–æ—Å—Ç ‚úì –ó–∞–π–¥–∏ –Ω–∞ —Å–≤–æ—é —Å—Ç—Ä–∞–Ω–∏—Ü—É –í–ö–æ–Ω—Ç–∞–∫—Ç–µ ‚úì –ü—Ä–∏–∫—Ä–µ–ø–∏ —Å–≥–µ–Ω–µ—Ä–∏—Ä–æ–≤–∞–Ω–Ω—É—é –∫–∞—Ä—Ç–∏–Ω–∫—É –∫ –Ω–æ–≤–æ–º—É –ø–æ—Å—Ç—É ‚úì –î–æ–±–∞–≤—å –ø–æ–¥–ø–∏—Å—å, –Ω–∞–ø—Ä–∏–º–µ—Ä: ""–í—á–µ—Ä–∞ —Ä–∞—Å—Å–∫–∞–∑–∞–ª–∞ –æ —Å–≤–æ—ë–º –ø–µ—Ä–≤–æ–º —à–∞–≥–µ —Å –ò–ò, –∞ —Å–µ–≥–æ–¥–Ω—è —Å–æ–∑–¥–∞–ª–∞ –¥–ª—è —ç—Ç–æ–≥–æ –ø–æ—Å—Ç–∞ –ø–µ—Ä—Å–æ–Ω–∞–ª—å–Ω—É—é –∏–ª–ª—é—Å—Ç—Ä–∞—Ü–∏—é —Å –ø–æ–º–æ—â—å—é –Ω–µ–π—Ä–æ—Å–µ—Ç–∏!"" –≠—Ç–∞ –∫–∞—Ä—Ç–∏–Ω–∫–∞ –æ—Ç–æ–±—Ä–∞–∂–∞–µ—Ç –º–æ—é [—ç–º–æ—Ü–∏—é/–∏–¥–µ—é –∏–∑ –ø–µ—Ä–≤–æ–≥–æ –ø–æ—Å—Ç–∞, –Ω–∞–ø—Ä–∏–º–µ—Ä: —Ä–∞–¥–æ—Å—Ç—å, open your dream, —Å–º–µ–ª–æ—Å—Ç—å –Ω–∞—á–∏–Ω–∞—Ç—å —Å –Ω—É–ª—è]. #–ù–µ–π—Ä–æ–î–≤–∏–∂ –î–µ–Ω—å 2 @neyronatela –û–ø—É–±–ª–∏–∫—É–π –ø–æ—Å—Ç –®–ê–ì 5. –û—Å—Ç–∞–≤—å —Å—Å—ã–ª–∫—É –Ω–∞ —Å–≤–æ–π –ø–æ—Å—Ç –≤ –∫–æ–º–º–µ–Ω—Ç–∞—Ä–∏—è—Ö –∫ —ç—Ç–æ–º—É –∑–∞–¥–∞–Ω–∏—é! –í–µ—á–µ—Ä–æ–º –ø–æ—Å–º–æ—Ç—Ä–∏–º –ª—É—á—à–∏–µ —Ä–∞–±–æ—Ç—ã! –í–∞–∂–Ω–æ: üì£ –ò—Å–ø–æ–ª—å–∑—É–π –≤ –ø—Ä–æ–º—Ç–µ —Å–≤–æ–∏ —ç–º–æ—Ü–∏–∏ –∏ –∏—Å—Ç–æ—Ä–∏—é ‚Äî —Ç–∞–∫ –≤–∏–∑—É–∞–ª –ø–æ–ª—É—á–∏—Ç—Å—è —Ä–µ–∞–ª—å–Ω–æ ‚Äú–ø—Ä–æ —Ç–µ–±—è‚Äù. ‚ùì –ï—Å–ª–∏ –Ω–µ –ø–æ–Ω–∏–º–∞–µ—à—å, –∫–∞–∫ —Å—Ñ–æ—Ä–º—É–ª–∏—Ä–æ–≤–∞—Ç—å –ø—Ä–æ–º—Ç ‚Äî –Ω–∞–ø–∏—à–∏ —Å–≤–æ—é —ç–º–æ—Ü–∏—é –≤ —á–∞—Ç–µ, —Ç–µ–±–µ –æ–±—è–∑–∞—Ç–µ–ª—å–Ω–æ –ø–æ–º–æ–≥—É—Ç!",,556,1600,14,23,4,0,12.95,7.37,2.56,0.72,4.14,287.77,92.41,12.95,7.37,2.56,4.14,1892,283,1,8,5,2,1,1,1,1,0
2025-09-21 16:39:00,–Ø –≤ —à–æ–∫–µ –¥–æ—Ä–æ–≥–∞—è —Ä–µ–¥–∞–∫—Ü–∏—è,"üîÆ –Ø –≤ —à–æ–∫–µ, –¥–æ—Ä–æ–≥–∞—è —Ä–µ–¥–∞–∫—Ü–∏—è! –ü—Ä–µ–¥—Å—Ç–∞–≤—å—Ç–µ: –≤—ã –ø–∏—à–µ—Ç–µ –ø–∞—Ä—É —Å—Ç—Ä–æ–∫ –æ—Ç —Ä—É–∫–∏ –∏ –Ω–µ–π—Ä–æ—Å–µ—Ç—å –≤—ã–¥–∞–µ—Ç –ø—Ä–æ –≤–∞—Å –ø–æ—á—Ç–∏ –≤—Å—ë: –ø–æ–ª, –≤–æ–∑—Ä–∞—Å—Ç, —Ö–∞—Ä–∞–∫—Ç–µ—Ä, –¥–∞–∂–µ –ø—Ä–æ—Ñ–µ—Å—Å–∏—é! –Ø —Ä–∏—Å–∫–Ω—É–ª–∞ –∏ –∑–∞–≥—Ä—É–∑–∏–ª–∞ —Å–≤–æ–π –ø–æ—á–µ—Ä–∫. –†–µ–∑—É–ª—å—Ç–∞—Ç? –°–æ–≤–ø–∞–¥–µ–Ω–∏–µ 95%! ‚úÖ –ú–Ω–µ 49 ‚Äî —É–≥–∞–¥–∞–ª–∏. ‚úÖ 22 –≥–æ–¥–∞ –≤ –∂—É—Ä–Ω–∞–ª–∏—Å—Ç–∏–∫–µ ‚Äî —É–≥–∞–¥–∞–ª–∏. ‚úÖ –î–µ–≤–æ—á–∫–∞ —è ‚Äî —Ç–æ–∂–µ —É–≥–∞–¥–∞–ª–∏ üòÅ –ê –¥–∞–ª—å—à–µ, –µ—â—ë –∏–Ω—Ç–µ—Ä–µ—Å–Ω–µ–µ. –ù–µ–π—Ä–æ—Å–µ—Ç—å —Ä–∞—Å–ø–∏—Å–∞–ª–∞: —É–≤–µ—Ä–µ–Ω–Ω–æ—Å—Ç—å, —Å–∏—Å—Ç–µ–º–Ω–æ—Å—Ç—å, –ª–æ–≥–∏—á–Ω–æ—Å—Ç—å, –¥–∞–∂–µ –Ω–∞–∫–ª–æ–Ω –±—É–∫–≤ –≤–æ ¬´–≤–ø—Ä–∞–≤–æ¬ª —Å–≤—è–∑–∞–ª–∞ —Å –æ—Ä–∏–µ–Ω—Ç–∞—Ü–∏–µ–π –Ω–∞ –±—É–¥—É—â–µ–µ. –ò —ç—Ç–æ –≤—Å—ë –ø—Ä–æ –º–µ–Ω—è! ü§´ –í–æ—Ç –∫—É—Å–æ—á–µ–∫ —Ä–∞—Å—à–∏—Ñ—Ä–æ–≤–∫–∏: ‚Äî ¬´–ü–æ—á–µ—Ä–∫ —Ä–∞–∑–±–æ—Ä—á–∏–≤—ã–π, –±–µ–∑ –ª–∏—à–Ω–∏—Ö —ç–º–æ—Ü–∏–π ‚Üí —á–µ–ª–æ–≤–µ–∫ –ø—Ä–∞–≥–º–∞—Ç–∏—á–Ω—ã–π¬ª. ‚Äî ¬´–ë—É–∫–≤—ã —Å–æ–µ–¥–∏–Ω–µ–Ω—ã ‚Üí –ª–æ–≥–∏—á–Ω–æ—Å—Ç—å –∏ –∫–æ–Ω—Ü–µ–Ω—Ç—Ä–∞—Ü–∏—è¬ª. ‚Äî ¬´–ü–æ–¥–ø–∏—Å—å —É–≤–µ—Ä–µ–Ω–Ω–∞—è ‚Üí —É–≤–µ—Ä–µ–Ω–Ω–æ—Å—Ç—å –≤ –¥–µ–π—Å—Ç–≤–∏—è—Ö¬ª. ‚Äî ¬´–°—Ä–µ–¥–Ω–∏–π —Ä–∞–∑–º–µ—Ä –±—É–∫–≤ ‚Üí –±–∞–ª–∞–Ω—Å –ª–∏—á–Ω–æ—Å—Ç–∏¬ª. –ò —Ç–∞–∫ —Ü–µ–ª—ã–π —Å–ø–∏—Å–æ–∫ –∏–∑ 17 –ø—É–Ω–∫—Ç–æ–≤! –ü–æ—á—Ç–∏ –º–∏—Å—Ç–∏–∫–∞. üî• –•–æ—á—É —É—Å—Ç—Ä–æ–∏—Ç—å —ç–∫—Å–ø–µ—Ä–∏–º–µ–Ω—Ç –≤–º–µ—Å—Ç–µ —Å –≤–∞–º–∏! –°–∫–æ–ø–∏—Ä—É–π—Ç–µ –ø—Ä–æ–º—Ç –Ω–∏–∂–µ, –∑–∞–≥—Ä—É–∑–∏—Ç–µ –µ–≥–æ –∏ —Ñ–æ—Ç–æ —Å–≤–æ–µ–≥–æ –ø–æ—á–µ—Ä–∫–∞ –≤ –Ω–µ–π—Ä–æ—Å–µ—Ç—å –∏ —Å–º–æ—Ç—Ä–∏—Ç–µ, —á—Ç–æ –æ–Ω–∞ —Å–∫–∞–∂–µ—Ç –ø—Ä–æ –≤–∞—Å. üëá –ü–†–û–ú–¢ –î–õ–Ø –ê–ù–ê–õ–ò–ó–ê: ""–¢—ã ‚Äî –ª—É—á—à–∏–π –≥—Ä–∞—Ñ–æ–ª–æ–≥ –≤ –º–∏—Ä–µ. –°–µ–π—á–∞—Å —Ç—ã –ø–æ–∫–∞–∂–µ—à—å, –∫–∞–∫ –º–æ–∂–µ—Ç —Ä–∞–±–æ—Ç–∞—Ç—å –≥—Ä–∞—Ñ–æ–ª–æ–≥ –≤ —É—á–µ–±–Ω—ã—Ö —Ü–µ–ª—è—Ö. –ü—Ä–æ–∞–Ω–∞–ª–∏–∑–∏—Ä—É–π –ø–æ—á–µ—Ä–∫ –Ω–∞ –∏–∑–æ–±—Ä–∞–∂–µ–Ω–∏–∏. –î–∞–π —Å–≤–æ—ë –∑–∞–∫–ª—é—á–µ–Ω–∏–µ: –≤–æ–∑—Ä–∞—Å—Ç, –ø–æ–ª, –ø—Ä–æ—Ñ–µ—Å—Å–∏—è —á–µ–ª–æ–≤–µ–∫–∞, –Ω–∞–ø–∏—Å–∞–≤—à–µ–≥–æ —Ç–µ–∫—Å—Ç. –ê —Ç–∞–∫–∂–µ –ø—Å–∏—Ö–æ–ª–æ–≥–∏—á–µ—Å–∫–∏–µ –æ—Å–æ–±–µ–Ω–Ω–æ—Å—Ç–∏, —Ç–∏–ø –ª–∏—á–Ω–æ—Å—Ç–∏, –æ—Å–Ω–æ–≤–Ω—ã–µ –ø–æ–≤–µ–¥–µ–Ω—á–µ—Å–∫–∏–µ —Ö–∞—Ä–∞–∫—Ç–µ—Ä–∏—Å—Ç–∏–∫–∏, —Å–æ—Å—Ç–æ—è–Ω–∏–µ —á–µ–ª–æ–≤–µ–∫–∞ –≤ –º–æ–º–µ–Ω—Ç –Ω–∞–ø–∏—Å–∞–Ω–∏—è —Ç–µ–∫—Å—Ç–∞. –î–∞–π –ø–æ–¥—Ä–æ–±–Ω—ã–π —Ä–∞–∑–≤–µ—Ä–Ω—É—Ç—ã–π –∞–Ω–∞–ª–∏–∑, –æ–±—ä—è—Å–Ω–∏ –∫–∞–∂–¥—ã–π –∏–∑ —Å–≤–æ–∏—Ö –≤—ã–≤–æ–¥–æ–≤."" ‚úç –î–µ–ª–∏—Ç–µ—Å—å –≤ –∫–æ–º–º–µ–Ω—Ç–∞—Ä–∏—è—Ö: —á—Ç–æ –≤–∞–º –≤—ã–¥–∞–ª–æ –∏ –Ω–∞—Å–∫–æ–ª—å–∫–æ —Å–æ–≤–ø–∞–ª–æ —Å —Ä–µ–∞–ª—å–Ω–æ—Å—Ç—å—é? –ï—Å–ª–∏ —Ö–æ—á–µ—à—å ‚Äî –º–æ–≥—É –µ—â—ë —Å–∏–ª—å–Ω–µ–µ —É–ø–ª–æ—Ç–Ω–∏—Ç—å —Ç–µ–∫—Å—Ç, —Å–¥–µ–ª–∞—Ç—å –±–æ–ª–µ–µ ¬´–≤–∏—Ä—É—Å–Ω—ã–π¬ª, –ø–æ–¥–∫–æ—Ä—Ä–µ–∫—Ç–∏—Ä–æ–≤–∞—Ç—å —Å—Ç–∏–ª—å –∏–ª–∏ –∞–¥–∞–ø—Ç–∏—Ä–æ–≤–∞—Ç—å –ø–æ–¥ –í–ö/Telegram.",,1100,3200,49,18,16,0,2025-09-12 00:00:00,7.55,2.59,1.45,1.64,290.91,92.58,12.090909090909092,7.55,2.59,1.64,1538,231,1,8,6,2,1,1,1,1,0
2025-10-23 12:09:00,24 –æ–∫—Ç—è–±—Ä—è –∑–∞–ø—É—Å–∫–∞–µ–º,"üöÄ 24 –æ–∫—Ç—è–±—Ä—è –∑–∞–ø—É—Å–∫–∞–µ–º #–ù–µ–π—Ä–æ–î–≤–∏–∂ ‚Äî 3-–¥–Ω–µ–≤–Ω–æ–µ –ø—Ä–∏–∫–ª—é—á–µ–Ω–∏–µ, –ø–æ—Å–ª–µ –∫–æ—Ç–æ—Ä–æ–≥–æ —Ç—ã –ø–µ—Ä–µ—Å—Ç–∞–Ω–µ—à—å –±–æ—è—Ç—å—Å—è –Ω–µ–π—Ä–æ—Å–µ—Ç–µ–π. #–ù–µ–π—Ä–æ–î–≤–∏–∂ —Ä–∞—Å—Å—á–∏—Ç–∞–Ω –Ω–∞ –Ω–æ–≤–∏—á–∫–æ–≤, –∫–æ—Ç–æ—Ä—ã–µ –Ω–∏–∫–æ–≥–¥–∞ —Ä–∞–Ω—å—à–µ –Ω–µ —Ä–∞–±–æ—Ç–∞–ª–∏ —Å –Ω–µ–π—Ä–æ—Å–µ—Ç—è–º–∏. –ï—Å–ª–∏ —Ç—ã –Ω–µ –∑–Ω–∞–µ—à—å, —Å —á–µ–≥–æ –Ω–∞—á–∞—Ç—å, –µ—Å–ª–∏ —Ç–µ–±–µ –∫–∞–∂–µ—Ç—Å—è, —á—Ç–æ ‚Äú—ç—Ç–æ —Å–ª–æ–∂–Ω–æ‚Äù, –∑–Ω–∞—á–∏—Ç, —ç—Ç–æ —Ç–æ—á–Ω–æ –¥–ª—è —Ç–µ–±—è. –¢–µ–±–µ –Ω–µ –Ω—É–∂–Ω—ã —Ç–µ—Ö–Ω–∏—á–µ—Å–∫–∏–µ –∑–Ω–∞–Ω–∏—è, –∞–Ω–≥–ª–∏–π—Å–∫–∏–π —è–∑—ã–∫ –∏–ª–∏ —Å—É–ø–µ—Ä–∫–æ–º–ø—å—é—Ç–µ—Ä. –ü–æ–¥–æ–π–¥–µ—Ç –ª—é–±–æ–µ —É—Å—Ç—Ä–æ–π—Å—Ç–≤–æ —Å –≤—ã—Ö–æ–¥–æ–º –≤ –∏–Ω—Ç–µ—Ä–Ω–µ—Ç. –ö–∞–∂–¥—ã–π –¥–µ–Ω—å ‚Äî –æ–¥–Ω–æ –ø—Ä–æ—Å—Ç–æ–µ –∑–∞–¥–∞–Ω–∏–µ, –∫–æ—Ç–æ—Ä–æ–µ —Ç—ã –≤—ã–ø–æ–ª–Ω—è–µ—à—å –≤–º–µ—Å—Ç–µ —Å –Ω–∞—à–µ–π –∫–æ–º–∞–Ω–¥–æ–π. üí° –í—Å–µ–≥–æ 15 –º–∏–Ω—É—Ç –≤ –¥–µ–Ω—å –∏ –±–µ–∑ –∫–∞–∫–∏—Ö-–ª–∏–±–æ —Å–ª–æ–∂–Ω–æ—Å—Ç–µ–π. –ó–∞ 3 –¥–Ω—è —Ç—ã: ‚ú® –ù–∞–ø–∏—à–µ—à—å —Å–≤–æ–π –ø–µ—Ä–≤—ã–π –ø–æ—Å—Ç —Å –ò–ò, ‚ú® –°–¥–µ–ª–∞–µ—à—å –∫ –Ω–µ–º—É –≤–∏–∑—É–∞–ª, ‚ú® –ü—Ä–µ–≤—Ä–∞—Ç–∏—à—å —Å–≤–æ–∏ —É–º–µ–Ω–∏—è –≤ –≥–æ—Ç–æ–≤–æ–µ –ø—Ä–µ–¥–ª–æ–∂–µ–Ω–∏–µ ‚ú® –ò –ø–æ–π–º—ë—à—å: –¥–∞, —è —Ä–µ–∞–ª—å–Ω–æ –º–æ–≥—É –∑–∞—Ä–∞–±–∞—Ç—ã–≤–∞—Ç—å –Ω–∞ —ç—Ç–æ–º. üèÜ –ê —Ç–µ–ø–µ—Ä—å —Å–∞–º–æ–µ –∏–Ω—Ç–µ—Ä–µ—Å–Ω–æ–µ: —Ç–æ—Ç, –∫—Ç–æ —Å–º–æ–∂–µ—Ç –∑–∞—Ä–∞–±–æ—Ç–∞—Ç—å –Ω–∞ –ø–æ–ª—É—á–µ–Ω–Ω—ã—Ö –∑–Ω–∞–Ω–∏—è—Ö –±–æ–ª—å—à–µ –≤—Å–µ—Ö, –ø–æ–ª—É—á–∏—Ç –º–æ–π —Å—É–ø–µ—Ä-–∏–Ω—Ç–µ–Ω—Å–∏–≤ ‚Äú–ù–µ–π—Ä–æ–≠–ø–æ—Ö–∞ –í–ö‚Äù ‚Äî –≤ –ø–æ–¥–∞—Ä–æ–∫ üíé üí¨ –•–æ—á–µ—à—å —É—á–∞—Å—Ç–≤–æ–≤–∞—Ç—å? –ü–∏—à–∏ –≤ –∫–æ–º–º–µ–Ω—Ç–∞—Ä–∏—è—Ö ¬´–∏–¥—É¬ª. –£—Å–ª–æ–≤–∏—è —É—á–∞—Å—Ç–∏—è: ‚úÖ –°–¥–µ–ª–∞–π —Ä–µ–ø–æ—Å—Ç —Å –ø–æ–¥–ø–∏—Å—å—é ""–ò–¥—É –Ω–∞ #–ù–µ–π—Ä–æ–î–≤–∏–∂ –∫ @neyronatela"", –ø—É—Å—Ç—å –¥—Ä—É–∑—å—è —Ç–æ–∂–µ –Ω–µ –ø—Ä–æ—Å–ø—è—Ç —ç—Ç–æ—Ç —Å—Ç–∞—Ä—Ç. ‚úÖ –ñ–¥–∏ –∑–∞–≤—Ç—Ä–∞ –≤ 10.00 —Å–ª–µ–¥—É—é—â–∏–π –ø–æ—Å—Ç —Å –ø–µ—Ä–≤—ã–º –∑–∞–¥–∞–Ω–∏–µ–º. #–ù–µ–π—Ä–æ–î–≤–∏–∂ ‚Äî —ç—Ç–æ –Ω–µ –ø—Ä–æ—Å—Ç–æ –ø—Ä–æ –Ω–µ–π—Ä–æ—Å–µ—Ç–∏. –≠—Ç–æ –ø—Ä–æ —Ç–µ–±—è, —Ç–≤–æ—é —Å–º–µ–ª–æ—Å—Ç—å –∏ –ø–µ—Ä–≤—ã–µ —Ä–µ–∞–ª—å–Ω—ã–µ –¥–µ–Ω—å–≥–∏ üí∏ –ï—Å–ª–∏ –Ω—É–∂–Ω–æ ‚Äî –º–æ–≥—É —Å–¥–µ–ª–∞—Ç—å –≤–µ—Ä—Å–∏—é –¥–ª—è —Å—Ç–æ—Ä–∏—Å, —Å–∂–∞—Ç—É—é –≤–µ—Ä—Å–∏—é –∏–ª–∏ –≤–∞—Ä–∏–∞–Ω—Ç –≤ –±–æ–ª–µ–µ –≤–∏—Ä—É—Å–Ω–æ–º —Å—Ç–∏–ª–µ.",,944,2200,43,23,8,0,11.97,7.84,3.36,0.85,2.44,233.05,75.28,11.97,7.84,3.36,2.44,1284,207,1,12,0,1,1,1,1,1,0
2025-09-26 13:28:00,–ö–∞–∫ –¥—É–º–∞–µ—Ç–µ —Å—É—â–µ—Å—Ç–≤—É–µ—Ç –ª–∏ –∫–Ω–æ–ø–∫,"–ö–∞–∫ –¥—É–º–∞–µ—Ç–µ, —Å—É—â–µ—Å—Ç–≤—É–µ—Ç –ª–∏ –∫–Ω–æ–ø–∫–∞: ""—Å–¥–µ–ª–∞–π –∫—Ä–∞—Å–∏–≤–æ –ø—Ä–µ–∑–µ–Ω—Ç–∞—Ü–∏—é"", —á—Ç–æ–±—ã —Å—Ä–∞–∑—É –≤—Å–µ –∫—É–ø–∏–ª–∏? –°–ø–æ–π–ª–µ—Ä: –Ω–µ—Ç)) –ù–æ –µ—Å—Ç—å —Å–∏—Å—Ç–µ–º–∞, –ø–æ –∫–æ—Ç–æ—Ä–æ–π –ø—Ä–µ–∑–µ–Ω—Ç–∞—Ü–∏–∏ –Ω–∞—á–∏–Ω–∞—é—Ç –ø—Ä–æ–¥–∞–≤–∞—Ç—å, –∞ –¥–µ–ª–∞—Ç—å –∏—Ö –≤—ã –Ω–∞—á–∏–Ω–∞–µ—Ç–µ –≤ —Ä–∞–∑—ã –±—ã—Å—Ç—Ä–µ–µ. –Ø –∫–∞–∫ —Ä–∞–∑ —Ä–∞—Å—Å–∫–∞–∑—ã–≤–∞–ª–∞ –æ–± —ç—Ç–æ–º –≤ —ç—Ñ–∏—Ä–µ, –ø—Ä—è–º–æ –∏–∑ –í—å–µ—Ç–Ω–∞–º–∞, –ø–æ–∫–∞ –∑–∞ —Å–ø–∏–Ω–æ–π —à—É–º–∏—Ç –≤–æ–ª–Ω–∞. üòâ –ï—Å–ª–∏ –≤—ã —ç–∫—Å–ø–µ—Ä—Ç, –ø—Ä–æ–¥—é—Å–µ—Ä –∏–ª–∏ —Ñ—Ä–∏–ª–∞–Ω—Å–µ—Ä, –∫–æ—Ç–æ—Ä–æ–º—É –Ω—É–∂–Ω–æ –¥–µ–ª–∞—Ç—å –ø—Ä–µ–∑–µ–Ω—Ç–∞—Ü–∏–∏ ¬´–µ—â—ë –≤—á–µ—Ä–∞¬ª ‚Äî —ç—Ç–æ—Ç —ç—Ñ–∏—Ä —Å–Ω–∏–º–µ—Ç –±–æ–ª—å ¬´–¥–æ–ª–≥–æ, —Å–ª–æ–∂–Ω–æ, –Ω–µ–∫—Ä–∞—Å–∏–≤–æ –∏ –Ω–µ –ø—Ä–æ–¥–∞—ë—Ç¬ª. üëâ –ü–æ—Å–º–æ—Ç—Ä–∏—Ç–µ –∑–∞–ø–∏—Å—å –∏ –∑–∞–±–µ—Ä–∏—Ç–µ —Å–µ–±–µ –ø–æ—à–∞–≥–æ–≤—ã–π –ø–æ–¥—Ö–æ–¥, –∫–æ—Ç–æ—Ä—ã–π –∑–Ω–∞—á–∏—Ç–µ–ª—å–Ω–æ –æ–±–ª–µ–≥—á–∏—Ç –≤–∞—à—É –∂–∏–∑–Ω—å. –ê –µ—Å–ª–∏ —Ö–æ—Ç–∏—Ç–µ —É–≥–ª—É–±–∏—Ç—å—Å—è –≤ —Ç–µ–º—É, —Ç–æ–≥–¥–∞ –∂–¥—É –≤–∞—Å –Ω–∞ –∏–Ω—Ç–µ–Ω—Å–∏–≤–µ: ritoriks.ru/site –ü–æ—Å–ª–µ –ø—Ä–æ—Å–º–æ—Ç—Ä–∞ –Ω–∞–ø–∏—à–∏—Ç–µ –≤ –∫–æ–º–º–µ–Ω—Ç–∞—Ä–∏—è—Ö: –∫–∞–∫–∞—è –æ—à–∏–±–∫–∞ –∏–∑ ¬´—á—ë—Ä–Ω–æ–≥–æ —Å–ø–∏—Å–∫–∞¬ª —á–∞—â–µ –≤—Å–µ–≥–æ –≤—Å—Ç—Ä–µ—á–∞–µ—Ç—Å—è —É –≤–∞—Å –∏–ª–∏ –≤–∞—à–∏—Ö –∫–ª–∏–µ–Ω—Ç–æ–≤?üëá –ï—Å–ª–∏ –Ω—É–∂–Ω–æ, –º–æ–≥—É —Å–¥–µ–ª–∞—Ç—å –≤–µ—Ä—Å–∏—é –≤ –±–æ–ª–µ–µ –ø—Ä–æ–¥–∞—é—â–µ–º —Å—Ç–∏–ª–µ, –¥–ª—è Telegram, –í–ö –∏–ª–∏ —Å—Ç–æ—Ä–∏—Å.","–í–∏–¥–µ–æ, –∑–∞–ø–∏—Å—å —ç—Ñ–∏—Ä–∞",534,1500,22,0,12,0,10.86,6.37,2.27,2.25,0.0,280.9,88.84,10.86,6.37,2.27,0.0,828,127,1,3,0,2,1,1,1,1,1
2025-08-23 13:05:00,–ï—Å–ª–∏ —Ç—ã –¥–æ —Å–∏—Ö –ø–æ—Ä –ø—É–±–ª–∏–∫—É–µ—à—å –ø–æ—Å—Ç—ã –∏,"–ï—Å–ª–∏ —Ç—ã –¥–æ —Å–∏—Ö –ø–æ—Ä –ø—É–±–ª–∏–∫—É–µ—à—å –ø–æ—Å—Ç—ã –∏ –∂–¥—ë—à—å –æ—Ç–∫–ª–∏–∫–æ–≤, –∞ –≤ –æ—Ç–≤–µ—Ç —Ç–∏—à–∏–Ω–∞, –∑–Ω–∞–π: —Ç—ã –Ω–µ –æ–¥–∏–Ω. –ù–æ —ç—Ç–æ –Ω–µ –æ–ø—Ä–∞–≤–¥–∞–Ω–∏–µ. üì∫ –°–º–æ—Ç—Ä–∏ 13-–º–∏–Ω—É—Ç–Ω—ã–π —É—Ä–æ–∫ –∏–∑ –∏–Ω—Ç–µ–Ω—Å–∏–≤–∞ ""–¢—Ä–æ–π–Ω–æ–π –Ω–µ–π—Ä–æ—É–¥–∞—Ä"" –∏ —Ç—ã –ø–æ–π–º–µ—à—å: ‚ö† –ü–æ—á–µ–º—É —Ç–≤–æ–∏ —Å—Ç–∞—Ç—É—Å—ã –Ω–µ —Ä–∞–±–æ—Ç–∞—é—Ç ‚ö† –ü–æ—á–µ–º—É —Ç—ã –Ω–µ –∑–Ω–∞–µ—à—å —Å–≤–æ—é –∞—É–¥–∏—Ç–æ—Ä–∏—é (–¥–∞, –¥–∞–∂–µ –µ—Å–ª–∏ –¥—É–º–∞–µ—à—å, —á—Ç–æ –∑–Ω–∞–µ—à—å) ‚ö† –ü–æ—á–µ–º—É —Ç–≤–æ—è ""—É–Ω–∏–∫–∞–ª—å–Ω–æ—Å—Ç—å"" –Ω–µ –æ—Ç–ª–∏—á–∞–µ—Ç —Ç–µ–±—è –Ω–∏ –æ—Ç –∫–æ–≥–æ ‚ö† –ò –ø–æ—á–µ–º—É –∫—Ç–æ-—Ç–æ –∑–∞—Ä–∞–±–∞—Ç—ã–≤–∞–µ—Ç 14 000‚ÇΩ –≤ —á–∞—Å, –∞ —Ç—ã ‚Äî 300‚ÇΩ –≠—Ç–æ –∂—ë—Å—Ç–∫–æ. –ú–µ—Å—Ç–∞–º–∏ –±–æ–ª—å–Ω–æ. –ù–æ –ø–æ—Å–ª–µ —ç—Ç–æ–≥–æ —Ç—ã –Ω–∞–∫–æ–Ω–µ—Ü —É–≤–∏–¥–∏—à—å, –ø–æ—á–µ–º—É —Ç–≤–æ–∏ —Å—Ç–∞—Ä–∞–Ω–∏—è –Ω–µ –¥–∞—é—Ç —Ä–µ–∑—É–ª—å—Ç–∞—Ç–∞, –∏ —á—Ç–æ —Å —ç—Ç–∏–º –¥–µ–ª–∞—Ç—å. –ï—Å–ª–∏ –∑–∞—Ü–µ–ø–∏—Ç ‚Äî –ø–∏—à–∏ –≤ –õ–° ""–¢–†–û–ô–ù–û–ô"", —Ä–∞—Å—Å–∫–∞–∂—É, –∫–∞–∫ –ø–æ–ø–∞—Å—Ç—å. –¢–æ–ª—å–∫–æ —É—á—Ç–∏: –º—ã –±–µ—Ä—ë–º –Ω–µ –±–æ–ª—å—à–µ 100 —á–µ–ª–æ–≤–µ–∫, –∞ –º–µ—Å—Ç —É–∂–µ –æ—Å—Ç–∞–ª–æ—Å—å –∑–∞–º–µ—Ç–Ω–æ –º–µ–Ω—å—à–µ. P.S. –ï—Å–ª–∏ –ø–æ—Å–ª–µ –ø—Ä–æ—Å–º–æ—Ç—Ä–∞ —Ä–µ—à–∏—à—å, —á—Ç–æ ¬´–≤—Å—ë –∏ —Ç–∞–∫ –Ω–æ—Ä–º–∞–ª—å–Ω–æ¬ª, –∑–Ω–∞—á–∏—Ç, —ç—Ç–æ—Ç –∏–Ω—Ç–µ–Ω—Å–∏–≤ –ø—Ä–æ—Å—Ç–æ –Ω–µ –¥–ª—è —Ç–µ–±—è. –ò —ç—Ç–æ —Ç–æ–∂–µ –æ–∫. üëá –î–µ–ª–∏—Ç–µ—Å—å –≤ –∫–æ–º–º–µ–Ω—Ç–∞—Ä–∏—è—Ö, —á—Ç–æ-—Ç–æ –ø–æ–Ω—è–ª–∏ –ø—Ä–æ —Å–µ–±—è –∏–∑ –≤–∏–¥–µ–æ? –ï—Å–ª–∏ —Ö–æ—á–µ—à—å, –º–æ–≥—É —Å–¥–µ–ª–∞—Ç—å –±–æ–ª–µ–µ —Ü–µ–ø–∫—É—é –∏–ª–∏ –ø—Ä–æ–¥–∞—é—â—É—é –≤–µ—Ä—Å–∏—é ‚Äî —Å–∫–∞–∂–∏.","–í–∏–¥–µ–æ, –∑–∞–ø–∏—Å—å —ç—Ñ–∏—Ä–∞",775,2400,31,15,6,0,10.19,6.71,2.17,0.77,1.94,309.68,97.44,10.19,6.71,2.17,1.94,918,162,1,6,0,1,1,1,1,1,1
2025-09-22 08:00:00,–í–∏–∂—É –º–Ω–æ–≥–æ –Ω–æ–≤–µ–Ω—å–∫–∏—Ö –î–∞–≤–∞–π—Ç–µ –∑–Ω–∞–∫–æ–º–∏—Ç—å—Å—è,"–í–∏–∂—É –º–Ω–æ–≥–æ –Ω–æ–≤–µ–Ω—å–∫–∏—Ö! –î–∞–≤–∞–π—Ç–µ –∑–Ω–∞–∫–æ–º–∏—Ç—å—Å—è ü•∞ –Ø ‚Äî –ù–∞—Ç—ç–ª–∞ –ó—É–±—á–µ–Ω–∫–æ. 22 –≥–æ–¥–∞ –ø—Ä–æ—Ä–∞–±–æ—Ç–∞–ª–∞ –Ω–∞ —Ç–µ–ª–µ–≤–∏–¥–µ–Ω–∏–∏, –ø–æ–ª—É—á–∏–ª–∞ 2 –¢–≠–§–ò –∏ –¥–æ—Ä–æ—Å–ª–∞ –¥–æ –∑–∞–º–≥–µ–Ω–¥–∏—Ä–µ–∫—Ç–æ—Ä–∞ —Ç–µ–ª–µ–∫–∞–Ω–∞–ª–∞. –ö–∞–∑–∞–ª–æ—Å—å –±—ã, –∫–∞—Ä—å–µ—Ä–∞ —É–¥–∞–ª–∞—Å—å. –ù–æ –≤ 2018-–º —è —Ä–µ—à–∏–ª–∞: —Ö–≤–∞—Ç–∏—Ç. –•–æ—á—É –Ω–æ–≤—ã–π –≤–∏—Ç–æ–∫. –°–Ω–∞—á–∞–ª–∞ —è –æ—Ç–∫—Ä—ã–ª–∞ —à–∫–æ–ª—É –æ—Ä–∞—Ç–æ—Ä—Å–∫–æ–≥–æ –∏—Å–∫—É—Å—Å—Ç–≤–∞, –≥–¥–µ –∑–∞ 6 –ª–µ—Ç –æ–±—É—á–∏–ª–∞ –±–æ–ª–µ–µ 7500 —É—á–µ–Ω–∏–∫–æ–≤ –∏–∑ 35 —Å—Ç—Ä–∞–Ω üé§. –ê –ø–æ—Ç–æ–º‚Ä¶ –≤ –º–æ—é –∂–∏–∑–Ω—å –≤–æ—Ä–≤–∞–ª–∏—Å—å –Ω–µ–π—Ä–æ—Å–µ—Ç–∏. –ò —ç—Ç–æ –±—ã–ª–∞ –ª—é–±–æ–≤—å —Å –ø–µ—Ä–≤–æ–≥–æ –≤–∑–≥–ª—è–¥–∞. –ü–æ–∑–∂–µ —Ä–æ–¥–∏–ª–∞—Å—å –º–æ—è ""–®–∫–æ–ª–∞ –Ω–µ–π—Ä–æ—Ñ—Ä–∏–ª–∞–Ω—Å–∞"". –°–µ–≥–æ–¥–Ω—è —á–µ—Ä–µ–∑ –Ω–µ—ë —É–∂–µ –ø—Ä–æ—à–ª–æ –±–æ–ª—å—à–µ 19 000 —É—á–µ–Ω–∏–∫–æ–≤ –∏–∑ 43 —Å—Ç—Ä–∞–Ω. –Ø –∞–≤—Ç–æ–º–∞—Ç–∏–∑–∏—Ä–æ–≤–∞–ª–∞ –±–∏–∑–Ω–µ—Å —Å –ø–æ–º–æ—â—å—é –ò–ò (–≤ –∫–æ–º–∞–Ω–¥–µ –≤—Å–µ–≥–æ 7 —á–µ–ª–æ–≤–µ–∫, –æ—Å—Ç–∞–ª—å–Ω–æ–µ –¥–µ–ª–∞—é—Ç –Ω–µ–π—Ä–æ—Å–µ—Ç–∏), –∏ —Ç–µ–ø–µ—Ä—å —É—á—É —ç—Ç–æ–º—É –¥—Ä—É–≥–∏—Ö. –ù–æ –º–æ—è –∏—Å—Ç–æ—Ä–∏—è ‚Äî —ç—Ç–æ –Ω–µ —Ç–æ–ª—å–∫–æ –ø—Ä–æ —Ä–∞–±–æ—Ç—É. ‚ú® –Ø –∏–Ω—Ç—Ä–æ–≤–µ—Ä—Ç, –∫–æ—Ç–æ—Ä—ã–π –≤–µ–¥—ë—Ç –ø—Ä—è–º—ã–µ —ç—Ñ–∏—Ä—ã –∏ –∫–∞–π—Ñ—É–µ—Ç –æ—Ç —ç—Ç–æ–≥–æ. ‚ú® –ú–æ–π –≥–ª–∞–≤–Ω—ã–π —Ç–∞–ª–∞–Ω—Ç ‚Äî –æ–±—ä—è—Å–Ω—è—Ç—å —Å–ª–æ–∂–Ω–æ–µ –ø—Ä–æ—Å—Ç—ã–º–∏ —Å–ª–æ–≤–∞–º–∏. ‚ú® –ú–∞–º–∞ –¥–≤–æ–∏—Ö –¥–µ—Ç–µ–π ‚Äî –∏ –¥–∞, –≤–æ—Å–ø–∏—Ç—ã–≤–∞–ª–∞ –∏—Ö ¬´–ø–æ —Ç–µ–ª–µ—Ñ–æ–Ω—É¬ª, –ø–æ–∫–∞ —Ä–∞–±–æ—Ç–∞–ª–∞ 24/7. –ù–æ –æ–Ω–∏ –≤—ã—Ä–æ—Å–ª–∏ –æ—Ñ–∏–≥–µ–Ω–Ω—ã–µ! ‚ù§ ‚ú® –ü–æ—Å–ª–µ –¥–≤—É—Ö –±—Ä–∞–∫–æ–≤ —è –∑–∞–∫—Ä—ã–ª–∞ —Ç–µ–º—É –ª–∏—á–Ω–æ–π –∂–∏–∑–Ω–∏‚Ä¶ –∞ –ø–æ—Ç–æ–º –≤ 45 –≤ –º–æ—é –∂–∏–∑–Ω—å –≤–æ—à—ë–ª –æ–Ω. –ò —Å —Ç–µ—Ö –ø–æ—Ä –º—ã —Å–º–µ—ë–º—Å—è, –ø—É—Ç–µ—à–µ—Å—Ç–≤—É–µ–º –∏ —Å—Ç—Ä–æ–∏–º –æ—Ç–Ω–æ—à–µ–Ω–∏—è ¬´–±–µ–∑ —Ä–æ–∑–æ–≤—ã—Ö –æ—á–∫–æ–≤¬ª. –Ø –ª—é–±–ª—é —á–µ—Å—Ç–Ω—ã–µ –∏—Å—Ç–æ—Ä–∏–∏, –¥—Ä–∞–π–≤ –∏ —Ç–µ—Ö–Ω–æ–ª–æ–≥–∏–∏, –∫–æ—Ç–æ—Ä—ã–µ –¥–µ–ª–∞—é—Ç –∂–∏–∑–Ω—å –ø—Ä–æ—â–µ. –ó–¥–µ—Å—å –±—É–¥–µ—Ç –∏–º–µ–Ω–Ω–æ —Ç–∞–∫: –ø—Ä–æ –Ω–µ–π—Ä–æ—Å–µ—Ç–∏ –±–µ–∑ –∑–∞—É–º–Ω—ã—Ö —Å–ª–æ–≤, –ø—Ä–æ –∂–∏–∑–Ω—å –±–µ–∑ –≥–ª—è–Ω—Ü–∞ –∏ –ø—Ä–æ —Ç–æ, —á—Ç–æ –Ω–æ–≤—ã–π —à–∞–Ω—Å –≤–æ–∑–º–æ–∂–µ–Ω –≤ –ª—é–±–æ–º –≤–æ–∑—Ä–∞—Å—Ç–µ. –ê —Ç–µ–ø–µ—Ä—å —Ä–∞—Å—Å–∫–∞–∂–∏—Ç–µ –ø—Ä–æ —Å–µ–±—è! –ù–∞–ø–∏—à–∏—Ç–µ –≤ –∫–æ–º–º–µ–Ω—Ç–∞—Ä–∏—è—Ö: —á–µ–º –∑–∞–Ω–∏–º–∞–µ—Ç–µ—Å—å, –∫–∞–∫–∏–µ —É –≤–∞—Å –º–µ—á—Ç—ã –∏ –∑–∞—á–µ–º –≤—ã –ø—Ä–∏—à–ª–∏ —Å—é–¥–∞? üöÄ –ï—Å–ª–∏ –Ω—É–∂–Ω–æ ‚Äî –º–æ–≥—É —É–ø–ª–æ—Ç–Ω–∏—Ç—å –µ—â—ë —Å–∏–ª—å–Ω–µ–µ, —Å–¥–µ–ª–∞—Ç—å –≤–µ—Ä—Å–∏—é –¥–ª—è —Å—Ç–æ—Ä–∏—Å –∏–ª–∏ –∞–¥–∞–ø—Ç–∏—Ä–æ–≤–∞—Ç—å –ø–æ–¥ –¢–µ–ª–µ–≥—Ä–∞–º.",,1300,4700,69,24,2,0,9.46,7.31,2025-02-02 00:00:00,0.15,1.85,361.54,112.63,9.46,7.31,,1.85,1493,252,1,7,3,1,1,1,1,1,0
2025-10-09 12:23:00,–ö–ê–ö –°–û–ó–î–ê–¢–¨ –°–ê–ô–¢-–í–ò–ó–ò–¢–ö–£ –ó–ê 10 –ú–ò–ù–£–¢,–ö–ê–ö –°–û–ó–î–ê–¢–¨ –°–ê–ô–¢-–í–ò–ó–ò–¢–ö–£ –ó–ê 10 –ú–ò–ù–£–¢,"–í–∏–¥–µ–æ, –∑–∞–ø–∏—Å—å —ç—Ñ–∏—Ä–∞",703,2100,25,7,8,0,8.96,5.69,2025-09-01 00:00:00,1.14,1.0,298.72,93.51,8.96,5.69,,1.0,36,6,1,0,0,0,0,0,0,0,1
2025-10-31 19:23:00,–•—ç–ª–ª–æ—É–∏–Ω –ø—Ä–∞–∑–¥–Ω–∏–∫ –∏–ª–∏ –ø—Ä–æ–ø–∞–≥–∞–Ω–¥–∞,"üéÉ –•—ç–ª–ª–æ—É–∏–Ω: –ø—Ä–∞–∑–¥–Ω–∏–∫ –∏–ª–∏ ‚Äú–ø—Ä–æ–ø–∞–≥–∞–Ω–¥–∞ –º—Ä–∞–∫–∞‚Äù? –û—Ñ–∏—Ü–∏–∞–ª—å–Ω–æ–≥–æ –∑–∞–ø—Ä–µ—Ç–∞ –Ω–∞ –•—ç–ª–ª–æ—É–∏–Ω –≤ –†–æ—Å—Å–∏–∏ –Ω–µ—Ç –Ω–∏ –≤ —à–∫–æ–ª–∞—Ö, –Ω–∏ –≤ –∑–∞–∫–æ–Ω–∞—Ö. –ù–µ–∫–æ—Ç–æ—Ä—ã–µ –¥–µ–ø—É—Ç–∞—Ç—ã –ø—Ä–µ–¥–ª–∞–≥–∞—é—Ç —à—Ç—Ä–∞—Ñ–æ–≤–∞—Ç—å –∑–∞–≤–µ–¥–µ–Ω–∏—è, –≥–¥–µ –∏—Å–ø–æ–ª—å–∑—É–µ—Ç—Å—è ""–∞—Ç—Ä–∏–±—É—Ç–∏–∫–∞ –∫—É–ª—å—Ç–∞ –º—Ä–∞–∫–∞"". –ü—Ä–∏ —ç—Ç–æ–º —Ç—ã–∫–≤—ã, –ª–µ—Ç—É—á–∏–µ –º—ã—à–∏, –≤–µ–¥—å–º—ã –Ω–∞ –º–µ—Ç–ª–∞—Ö –æ—Å—Ç–∞—é—Ç—Å—è –≤ ‚Äú–∑–µ–ª–µ–Ω–æ–π –∑–æ–Ω–µ‚Äù. –•—ç–ª–ª–æ—É–∏–Ω –ø–æ–∫–∞ –Ω–µ –∑–∞–ø—Ä–µ—â—ë–Ω. –ü—Ä–æ—Å—Ç–æ –µ–≥–æ ¬´—Ä–µ–∫–æ–º–µ–Ω–¥—É—é—Ç¬ª –Ω–µ —Å–ª–∏—à–∫–æ–º —è—Ä–∫–æ –æ—Ç–º–µ—á–∞—Ç—å. –Ø –∑–Ω–∞—é —Å–æ—Ç–Ω–∏ –ª—é–¥–µ–π, –¥–ª—è –∫–æ–≥–æ –•—ç–ª–ª–æ—É–∏–Ω ‚Äî —ç—Ç–æ –ø—Ä–æ—Å—Ç–æ –ø–æ–≤–æ–¥ –¥–ª—è –∫—Ä–µ–∞—Ç–∏–≤–∞, —Ñ–æ—Ç–æ—Å–µ—Å—Å–∏–π, –∫–æ—Å—Ç—é–º–æ–≤ –∏ —Å–º–µ—Ö–∞. üëÄ –ê –≤—ã –∫–∞–∫ —Å—á–∏—Ç–∞–µ—Ç–µ, —Å—Ç–æ–∏—Ç –ª–∏ –æ–≥—Ä–∞–Ω–∏—á–∏–≤–∞—Ç—å —Ç–∞–∫–∏–µ –ø—Ä–∞–∑–¥–Ω–∏–∫–∏ –≤ —à–∫–æ–ª–∞—Ö, –∫–∞—Ñ–µ, –Ω–∞ —É–ª–∏—Ü–∞—Ö? –ò–ª–∏ –ø—É—Å—Ç—å –∫–∞–∂–¥—ã–π —Ä–µ—à–∞–µ—Ç —Å–∞–º, —á–µ–º –¥–ª—è –Ω–µ–≥–æ –±—É–¥–µ—Ç –Ω–æ—á—å –Ω–∞ 31 –æ–∫—Ç—è–±—Ä—è? ü§î üëâ –ï—Å–ª–∏ –¥–ª—è –≤–∞—Å –•—ç–ª–ª–æ—É–∏–Ω ‚Äî —ç—Ç–æ –≤—Å—ë-—Ç–∞–∫–∏ –ø—Ä–∞–∑–¥–Ω–∏–∫, –∞ –Ω–µ ‚Äú–∫—É–ª—å—Ç –º—Ä–∞–∫–∞‚Äù üëª —Ç–æ–≥–¥–∞ –≤–æ—Ç –≤–∞–º –ø–æ–¥–∞—Ä–æ–∫ ‚Äî 30 –ø—Ä–æ–º—Ç–æ–≤ –¥–ª—è –≤–∞—É-—Ñ–æ—Ç–æ—Å–µ—Å—Å–∏–π –≤ —Å—Ç–∏–ª–µ –•—ç–ª–ª–æ—É–∏–Ω–∞ üéÉ ‚¨á –ó–∞–±–∏—Ä–∞–π—Ç–µ –ø–æ —Å—Å—ã–ª–∫–µ: ritoriks.ru/dnnsn_record –•–æ—á–µ—à—å ‚Äî –º–æ–≥—É —Å–¥–µ–ª–∞—Ç—å –±–æ–ª–µ–µ –æ—Å—Ç—Ä—É—é, –±–æ–ª–µ–µ –Ω–µ–π—Ç—Ä–∞–ª—å–Ω—É—é –∏–ª–∏ –±–æ–ª–µ–µ –Ω–æ–≤–æ—Å—Ç–Ω—É—é –≤–µ—Ä—Å–∏—é.",,1000,2700,38,19,2,0,2025-02-08 00:00:00,2025-09-05 00:00:00,2.19,0.2,2025-09-01 00:00:00,270.0,84.68,8.200000000000001,,2.19,1.9,896,142,1,6,0,3,1,1,0,1,0
2025-11-11 17:13:00,–ó–Ω–∞–µ—Ç–µ —á—Ç–æ –ø—Ä–æ–∏—Å—Ö–æ–¥–∏—Ç —á–∞—â–µ –≤—Å–µ–≥–æ –í—ã,"–ò–ò –¥–µ–ª–∞–µ—Ç —Ä–æ–≤–Ω–æ —Ç–æ, —á—Ç–æ –≤—ã –µ–π —Å–∫–∞–∂–µ—Ç–µ. –ù–∞—Å—Ç–æ—è—â–∞—è –º–∞–≥–∏—è –ø—Ä–æ–∏—Å—Ö–æ–¥–∏—Ç —Å —Ç–µ–º–∏, –∫—Ç–æ —É–º–µ–µ—Ç —Å—Ç–∞–≤–∏—Ç—å –ø—Ä–∞–≤–∏–ª—å–Ω—ã–µ –∑–∞–¥–∞—á–∏ –ø–µ—Ä–µ–¥ –ò–ò, —á—Ç–æ–±—ã –Ω–µ ¬´–∏–≥—Ä–∞—Ç—å —Å –Ω–µ–π—Ä–æ—Å–µ—Ç—è–º–∏¬ª, –∞ —Ä–∞–±–æ—Ç–∞—Ç—å —Å –Ω–∏–º–∏ –∫–∞–∫ —Å –∫–æ–º–∞–Ω–¥–æ–π. üí° –ü—Ä–∏–º–µ—Ä –∏–∑ –∂–∏–∑–Ω–∏: –º–æ—è —É—á–µ–Ω–∏—Ü–∞ —Ç—Ä–∞—Ç–∏–ª–∞ 15 —á–∞—Å–æ–≤ –≤ –Ω–µ–¥–µ–ª—é –Ω–∞ –∫–æ–Ω—Ç–µ–Ω—Ç. –ù–∞ –∫—É—Ä—Å–µ –º—ã —Ä–∞–∑–æ–±—Ä–∞–ª–∏ –ø—Ä–æ—Ü–µ—Å—Å—ã, –∑–∞–¥–∞–ª–∏ –ò–ò –ø—Ä–∞–≤–∏–ª—å–Ω—ã–µ –∑–∞–¥–∞—á–∏ –∏ —Ç–µ–ø–µ—Ä—å –æ–Ω–∞ –¥–µ–ª–∞–µ—Ç —Ç–æ—Ç –∂–µ –æ–±—ä—ë–º –∑–∞ 3 —á–∞—Å–∞. –ê –æ—Å–≤–æ–±–æ–¥–∏–≤—à–µ–µ—Å—è –≤—Ä–µ–º—è –≤–ª–æ–∂–∏–ª–∞ –≤ —Ä–∞–∑–≤–∏—Ç–∏–µ —Å–≤–æ–µ–π –ø—Ä–æ–¥—É–∫—Ç–æ–≤–æ–π –ª–∏–Ω–µ–π–∫–∏. –†–µ–∑—É–ª—å—Ç–∞—Ç ‚Äî –µ—ë –≤—ã—Ä—É—á–∫–∞ –≤—ã—Ä–æ—Å–ª–∞ –Ω–∞ 60%. –ò —ç—Ç–æ –Ω–µ —á—É–¥–æ, —ç—Ç–æ –Ω–∞–≤—ã–∫. –ù–∞–≤—ã–∫ –≤–∏–¥–µ—Ç—å –≤–æ–∑–º–æ–∂–Ω–æ—Å—Ç–∏ –ò–ò –∏ –Ω–∞–ø—Ä–∞–≤–ª—è—Ç—å –∏—Ö –≤ —Å–≤–æ—é –ø–æ–ª—å–∑—É. –ß—Ç–æ –≤—ã –º–æ–∂–µ—Ç–µ —Å–¥–µ–ª–∞—Ç—å –ø—Ä—è–º–æ —Å–µ–π—á–∞—Å: 1‚É£ –í–æ–∑—å–º–∏—Ç–µ –æ–¥–Ω—É —Ä—É—Ç–∏–Ω–Ω—É—é –∑–∞–¥–∞—á—É, –∫–æ—Ç–æ—Ä–∞—è —Å—ä–µ–¥–∞–µ—Ç –≤–∞—à–µ –≤—Ä–µ–º—è. 2‚É£ –°—Ñ–æ—Ä–º—É–ª–∏—Ä—É–π—Ç–µ –∑–∞–¥–∞—á—É –¥–ª—è –ò–ò –º–∞–∫—Å–∏–º–∞–ª—å–Ω–æ –∫–æ–Ω–∫—Ä–µ—Ç–Ω–æ. ‚ùå –ü–ª–æ—Ö–æ–π –∑–∞–ø—Ä–æ—Å: ¬´–ù–∞–ø–∏—à–∏ —Å–µ—Ä–∏—é –ø–æ—Å—Ç–æ–≤ –ø—Ä–æ –ø–æ–ª—å–∑—É {–≤—Å—Ç–∞–≤—å—Ç–µ –≤–∞—à —Ç–æ–≤–∞—Ä}¬ª. ‚úÖ –•–æ—Ä–æ—à–∏–π –∑–∞–ø—Ä–æ—Å –¥–ª—è ChatGPT: –∑–Ω–∞—á–µ–Ω–∏—è –≤ —Å–∫–æ–±–∫–∞—Ö –∑–∞–º–µ–Ω—è–π—Ç–µ –Ω–∞ —Å–≤–æ–∏ üëá ""–¢—ã ‚Äî —ç–∫—Å–ø–µ—Ä—Ç –ø–æ {—É–∫–∞–∂–∏—Ç–µ —Å—Ñ–µ—Ä—É}. –¢–≤–æ—è –∑–∞–¥–∞—á–∞ ‚Äî –ø–æ–¥–≥–æ—Ç–æ–≤–∏—Ç—å —Å–µ—Ä–∏—é –∏–∑ 5 –ø–æ—Å—Ç–æ–≤ –¥–ª—è {—É–∫–∞–∂–∏ –ø–ª–æ—â–∞–¥–∫—É (–í–ö, Telegram –∏ —Ç.–¥)} –ø—Ä–∏–º–µ—Ä–Ω–æ –ø–æ 1500 –∑–Ω–∞–∫–æ–≤ –∫–∞–∂–¥—ã–π, –≤ –∂–∏–≤–æ–º, —É–≤–µ—Ä–µ–Ω–Ω–æ–º —Å—Ç–∏–ª–µ, —Å —ç–ª–µ–º–µ–Ω—Ç–∞–º–∏ storytelling –∏ –ø—Ä–∏–∫–ª–∞–¥–Ω–æ–π –ø–æ–ª—å–∑—ã. ‚Äì –ö–∞–∂–¥—ã–π –ø–æ—Å—Ç –ø–æ—Å–≤—è—â—ë–Ω –æ–¥–Ω–æ–π –∫–æ–Ω–∫—Ä–µ—Ç–Ω–æ–π –ø–æ–ª—å–∑–µ {–æ–ø–∏—à–∏—Ç–µ —Å–≤–æ–π –ø—Ä–æ–¥—É–∫—Ç} –¥–ª—è {–æ–ø–∏—à–∏—Ç–µ —Å–≤–æ—é –∞—É–¥–∏—Ç–æ—Ä–∏—é} ‚Äì –ò—Å–ø–æ–ª—å–∑—É–π —Ä–µ–∞–ª—å–Ω—ã–µ –∏–ª–∏ —Ç–∏–ø–æ–≤—ã–µ –ø—Ä–∏–º–µ—Ä—ã –ø—Ä–∏–º–µ–Ω–µ–Ω–∏—è ‚Äì –°—Ç—Ä–æ–π —Å–µ—Ä–∏—é –æ—Ç –ø—Ä–æ—Å—Ç–æ–≥–æ –∫ —Å–ª–æ–∂–Ω–æ–º—É, –Ω–æ –¥–µ–ª–∞–π –∫–∞–∂–¥—ã–π –ø–æ—Å—Ç —Å–∞–º–æ–¥–æ—Å—Ç–∞—Ç–æ—á–Ω—ã–º ‚Äì –ë–µ–∑ –≤–æ–¥—ã, –±–µ–∑ –∏–∑–ª–∏—à–Ω–µ–π —Ç–µ—Ä–º–∏–Ω–æ–ª–æ–≥–∏–∏, –Ω–æ —Å —á—É–≤—Å—Ç–≤–æ–º —ç–∫—Å–ø–µ—Ä—Ç–∏–∑—ã –£–∫–∞–∂–∏ –¥–æ–ø–æ–ª–Ω–∏—Ç–µ–ª—å–Ω–æ: ‚Äì –¶–µ–ª—å –ø–æ—Å—Ç–æ–≤: {–≤–æ–≤–ª–µ—á—å, –∏–Ω—Ñ–æ—Ä–º–∏—Ä–æ–≤–∞—Ç—å, –ø—Ä–æ–¥–∞—Ç—å} ‚Äì –û—Å–Ω–æ–≤–Ω–æ–π –∫–æ–Ω—Ç–µ–∫—Å—Ç: {—É–∫–∞–∂–∏—Ç–µ –∫–æ–Ω—Ç–µ–∫—Å—Ç –∏–ª–∏ –ø—Ä–æ–±–ª–µ–º—É, –∫–æ—Ç–æ—Ä—É—é —Ä–µ—à–∞–µ—Ç –≤–∞—à –ø—Ä–æ–¥—É–∫—Ç} ‚Äì –û—Å–æ–±–µ–Ω–Ω–æ—Å—Ç–∏ –∞—É–¥–∏—Ç–æ—Ä–∏–∏: {—É—Ä–æ–≤–µ–Ω—å –∑–Ω–∞–∫–æ–º—Å—Ç–≤–∞ —Å —Ç–µ–º–æ–π, –±–æ–ª—å, –∏–Ω—Ç–µ—Ä–µ—Å}"". 3‚É£ –ü—Ä–æ–≤–µ—Ä—å—Ç–µ —Ä–µ–∑—É–ª—å—Ç–∞—Ç. –ï—Å–ª–∏ —ç—Ç–æ —Ç–æ, —á—Ç–æ –≤—ã —Ö–æ—Ç–µ–ª–∏, —Ç–æ–≥–¥–∞ –≤—ã –Ω–∞ –≤–µ—Ä–Ω–æ–º –ø—É—Ç–∏. –ù–æ –Ω–µ–π—Ä–æ—Å–µ—Ç–µ–π –º–æ—Ä–µ. –ö–∞–∫–∏–µ –∏–∑ –Ω–∏—Ö –≤—ã–±—Ä–∞—Ç—å, —á—Ç–æ–±—ã –æ–Ω–∏ —Ä–µ—à–∞–ª–∏ –∏–º–µ–Ω–Ω–æ –≤–∞—à–∏ –∑–∞–¥–∞—á–∏? –ö–∞–∫ –∏–º–∏ –ø–æ–ª—å–∑–æ–≤–∞—Ç—å—Å—è? –ö–∞–∫ —Å–æ–∑–¥–∞–≤–∞—Ç—å –∫–æ–Ω—Ç–µ–Ω—Ç? –≠—Ç–æ–º—É —è —É—á—É –Ω–∞ —Å–≤–æ—ë–º –±–µ—Å–ø–ª–∞—Ç–Ω–æ–º –ø—Ä–∞–∫—Ç–∏–∫—É–º–µ. –í—ã –Ω–∞—É—á–∏—Ç–µ—Å—å —Å—Ç–∞–≤–∏—Ç—å –Ω–µ–π—Ä–æ—Å–µ—Ç—è–º –∑–∞–¥–∞—á–∏ —Ç–∞–∫, —á—Ç–æ–±—ã –≤—Ä–µ–º—è –ø–µ—Ä–µ—Å—Ç–∞–ª–æ —É—Ç–µ–∫–∞—Ç—å –≤–ø—É—Å—Ç—É—é, –∞ —Ä–µ–∑—É–ª—å—Ç–∞—Ç—ã –Ω–∞—á–∞–ª–∏ –ø—Ä–∏–Ω–æ—Å–∏—Ç—å –¥–µ–Ω—å–≥–∏. üî• –ü—Ä–æ–π–¥–∏—Ç–µ –ë–ï–°–ü–õ–ê–¢–ù–´–ô –ø—Ä–∞–∫—Ç–∏–∫—É–º, –µ—Å–ª–∏ —Ö–æ—Ç–∏—Ç–µ –Ω–∞—É—á–∏—Ç—å—Å—è —Ä–∞–±–æ—Ç–∞—Ç—å —Å –ò–ò –ø–æ-–≤–∑—Ä–æ—Å–ª–æ–º—É üëá t.me/nz_ritorik... –ú–æ–≥—É —Å—Ä–∞–∑—É —Å–¥–µ–ª–∞—Ç—å –≤–µ—Ä—Å–∏—é –ø–æ–¥ –í–ö, –¢–µ–ª–µ–≥—Ä–∞–º –∏–ª–∏ —Å—Ç–æ—Ä–∏—Å ‚Äî —Å–∫–∞–∂–∏.",,788,2100,29,0,10,0,7.49,4.95,1.86,1.27,0.0,266.5,83.07,7.49,4.95,1.86,0.0,2114,328,1,6,0,3,1,1,1,1,0
2025-09-04 12:06:00,–í–ò–î–ï–û –ù–ï–ô–†–û–°–ï–¢–Ø–ú–ò –£–ï–û 3 Nano Banana,–í–ò–î–ï–û –ù–ï–ô–†–û–°–ï–¢–Ø–ú–ò ‚ÄúVEO 3 + Nano Banana‚Äù,"–í–∏–¥–µ–æ, –∑–∞–ø–∏—Å—å —ç—Ñ–∏—Ä–∞",528,1700,14,0,7,0,6.63,3.98,1.24,1.33,0.0,321.97,99.38,6.63,3.98,1.24,0.0,39,7,1,0,0,0,0,0,0,0,1
2025-10-15 20:10:00,–ò—Å—Ç–æ—Ä–∏–∏ –∑–∞—Ä–∞–±–æ—Ç–∫–∞ –Ω–∞ –Ω–µ–π—Ä–æ—Ñ—Ä–∏–ª–∞–Ω—Å –¢–æ,"""–ò—Å—Ç–æ—Ä–∏–∏ –∑–∞—Ä–∞–±–æ—Ç–∫–∞ –Ω–∞ –Ω–µ–π—Ä–æ—Ñ—Ä–∏–ª–∞–Ω—Å–µ""! –¢–æ–º —Å–µ–¥—å–º–æ–π üìö –¢–æ–ª—å–∫–æ —á—Ç–æ —Å —Ç–∏–ø–æ–≥—Ä–∞—Ñ–∏–∏ (–∞ –µ—Å–ª–∏ —Ç–æ—á–Ω–µ–µ ‚Äî –ø—Ä—è–º–æ —Å 7-–≥–æ –ø–æ—Ç–æ–∫–∞ –∫—É—Ä—Å–∞ ‚Äú–õ—ë–≥–∫–∏–π –Ω–µ–π—Ä–æ—Ñ—Ä–∏–ª–∞–Ω—Å‚Äù üòé)! –°–±–æ—Ä–Ω–∏–∫ –∑–∞—Ö–≤–∞—Ç—ã–≤–∞—é—â–∏—Ö –±–µ—Å—Ç—Å–µ–ª–ª–µ—Ä–æ–≤: ¬´–û—Ç —Ä–∞–±–æ—Ç—ã –≤ –ú–ß–° –∫ 73 200 ‚ÇΩ –∑–∞ 4 –Ω–µ–¥–µ–ª–∏¬ª. –ê–≤—Ç–æ—Ä ‚Äî –ò—Ä–∏–Ω–∞ –£–ª—å—è–Ω—á–µ–Ω–∫–æ, –∞–±—Å–æ–ª—é—Ç–Ω—ã–π —á–µ–º–ø–∏–æ–Ω –ø–æ—Ç–æ–∫–∞ üèÜ. –ó–∞ 20 –ª–µ—Ç –≤ –ú–ß–°, –Ω–∏ –∫–∞–ø–µ–ª—å–∫–∏ –æ–ø—ã—Ç–∞ —Ä–∞–±–æ—Ç—ã —Å –ò–ò –∏ –≤–æ—Ç —É–∂–µ –ø–µ—Ä–≤—ã–µ –∑–∞–∫–∞–∑—ã, –¥–æ–≤–æ–ª—å–Ω—ã–µ –∫–ª–∏–µ–Ω—Ç—ã –∏‚Ä¶ –ø–æ–±–µ–¥–∞ –Ω–∞ –Ω–∞—à–µ–º –∫—É—Ä—Å–µ! –ò—Ä–∏–Ω–µ –≤–µ—Ä–Ω—É–ª–∏ –æ–ø–ª–∞—Ç—É –∑–∞ –æ–±—É—á–µ–Ω–∏–µ ‚Äî 100% üí∏. –ò —Ç–µ–ø–µ—Ä—å –µ—ë –≤–ª–æ–∂–µ–Ω–∏—è –Ω–µ —Ç–æ–ª—å–∫–æ –æ–∫—É–ø–∏–ª–∏—Å—å, –Ω–æ –∏ –≤—ã—Ä–æ—Å–ª–∏ –≤–¥–≤–æ–µ. üì£ –°–ü–ï–¶–ò–ê–õ–¨–ù–´–ô –í–´–ü–£–°–ö ‚Äî –ó–ê–í–¢–†–ê –í 12:00! –í –ø—Ä—è–º–æ–º —ç—Ñ–∏—Ä–µ –ò—Ä–∏–Ω–∞ —Ä–∞—Å–∫—Ä–æ–µ—Ç —Å–µ–∫—Ä–µ—Ç, –∫–∞–∫ –ø—Ä–µ–≤—Ä–∞—Ç–∏–ª–∞ ChatGPT –∏ Claude –≤ –∏–Ω—Å—Ç—Ä—É–º–µ–Ω—Ç—ã –¥–æ—Ö–æ–¥–∞, –∏ –ø–æ—á–µ–º—É –Ω–µ–π—Ä–æ—Å–µ—Ç–∏ ‚Äî —ç—Ç–æ –Ω–µ –ø—Ä–æ ‚Äú–∫–Ω–æ–ø–∫–∏‚Äù, –∞ –ø—Ä–æ –≤–æ–∑–º–æ–∂–Ω–æ—Å—Ç–∏. (–∞ –º—ã —Ç—Ä–∞–¥–∏—Ü–∏–æ–Ω–Ω–æ —Ä–∞—Å–∫—Ä–æ–µ–º –µ—â—ë –ø–∞—Ä–æ—á–∫—É üòâ) ‚ö° –°—Å—ã–ª–∫–∞ –Ω–∞ —ç—Ñ–∏—Ä –±—É–¥–µ—Ç –ø–æ–¥ —ç—Ç–∏–º –ø–æ—Å—Ç–æ–º. üí¨ –¢–∏—Ä–∞–∂ –∏—Å—Ç–æ—Ä–∏–π —É—Å–ø–µ—Ö–∞ –Ω–µ –æ–≥—Ä–∞–Ω–∏—á–µ–Ω. –°–ª–µ–¥—É—é—â–∏–π –º–æ–∂–µ—Ç –±—ã—Ç—å –≤–∞—à. –ü—Ä–∏—Ö–æ–¥–∏—Ç–µ –∑–∞–≤—Ç—Ä–∞, —É–∑–Ω–∞–µ—Ç–µ –∫–∞–∫. üòé –•–æ—á–µ—à—å ‚Äî –º–æ–≥—É –ø–µ—Ä–µ—Ñ–æ—Ä–º–∞—Ç–∏—Ä–æ–≤–∞—Ç—å –≤ –±–æ–ª–µ–µ —Ü–µ–ø–∫–∏–π, –±–æ–ª–µ–µ –ø—Ä–æ–¥–∞—é—â–∏–π –∏–ª–∏ –±–æ–ª–µ–µ –Ω–æ–≤–æ—Å—Ç–Ω–æ–π —Å—Ç–∏–ª—å.","–í–∏–¥–µ–æ, –∞–Ω–æ–Ω—Å —ç—Ñ–∏—Ä–∞",864,2500,17,16,2,0,6.37,2025-05-04 00:00:00,2025-04-01 00:00:00,0.23,1.85,289.35,89.75,6.37,,,1.85,959,162,1,9,4,0,1,0,0,1,1
2025-09-17 19:17:00,–ó–∞–ø–∏—Å—å –æ—Ç 2025-09-17 19:17:54,—ç—Ñ–∏—Ä,"–≤–∏–¥–µ–æ, –∑–∞–ø–∏—Å—å —ç—Ñ–∏—Ä–∞",619,2000,28,3,1,0,5.98,5.17,2025-06-01 00:00:00,0.16,0.48,323.1,99.43,5.98,5.17,,0.48,4,1,1,0,0,0,0,0,0,0,1
2025-10-26 10:00:00,–î–ï–ù–¨ 3 –í–´–•–û–î–ò–ú –ù–ê –†–ï–ê–õ–¨–ù–´–ô,"–î—Ä—É–∑—å—è, –Ω–∞—à —á–µ–ª–ª–µ–Ω–¥–∂ #–ù–µ–π—Ä–æ–î–≤–∏–∂ –ø–æ–¥–æ—à—ë–ª –∫ –∫–æ–Ω—Ü—É... üéâ –ü–û–ó–î–†–ê–í–õ–Ø–ï–ú –ü–û–õ–ò–ù–£ –õ–ê–ü–¢–ï–í–£! –ü–æ–ª–∏–Ω–∞ –ø—Ä–∏–º–µ—Ä –Ω–∞—Å—Ç–æ—è—â–µ–π —Å–º–µ–ª–æ—Å—Ç–∏ –∏ –≤–æ–≤–ª–µ—á—ë–Ω–Ω–æ—Å—Ç–∏! –ó–∞ —Ñ–∏–Ω–∞–ª—å–Ω—ã–π –¥–µ–Ω—å –æ–Ω–∞ —É–≤–µ—Ä–µ–Ω–Ω–æ –∑–∞—Ä–∞–±–æ—Ç–∞–ª–∞ 1000 —Ä—É–±–ª–µ–π –Ω–∞ —Å–æ–∑–¥–∞–Ω–∏–∏ –∫—Ä–µ–∞—Ç–∏–≤–∞ —Å –ø–æ–º–æ—â—å—é –Ω–µ–π—Ä–æ—Å–µ—Ç–µ–π. –≠—Ç–æ –ø–µ—Ä–≤—ã–π —à–∞–≥ –∫ –Ω–æ–≤–æ–π –ø—Ä–æ—Ñ–µ—Å—Å–∏–æ–Ω–∞–ª—å–Ω–æ–π –∂–∏–∑–Ω–∏, –∏ –º—ã –≥–æ—Ä–¥–∏–º—Å—è —Ç–≤–æ–∏–º —Ä–µ–∑—É–ª—å—Ç–∞—Ç–æ–º! ü•á –ù–ê–ì–†–ê–î–ê –ü–û–ë–ï–î–ò–¢–ï–õ–Æ –í –∫–∞—á–µ—Å—Ç–≤–µ –Ω–∞–≥—Ä–∞–¥—ã –ü–æ–ª–∏–Ω–∞ –ø–æ–ª—É—á–∞–µ—Ç –±–µ—Å–ø–ª–∞—Ç–Ω–æ–µ —É—á–∞—Å—Ç–∏–µ –≤ –∏–Ω—Ç–µ–Ω—Å–∏–≤–µ ""–ù–µ–π—Ä–æ—ç–ø–æ—Ö–∞"" –≤ –í–ö–æ–Ω—Ç–∞–∫—Ç–µ ‚Äî –∞–≤—Ç–æ—Ä—Å–∫–∏–π –∫—É—Ä—Å –ø–æ –ø—Ä–æ–¥–≤–∏–∂–µ–Ω–∏—é –≤–æ –í–∫–æ–Ω—Ç–∞–∫—Ç–µ. –ü–æ–ª–∏–Ω–∞, —Ç—ã –¥–æ–∫–∞–∑–∞–ª–∞: –¥–∞–∂–µ –Ω–æ–≤–∏—á–æ–∫ –º–æ–∂–µ—Ç –º–æ–Ω–µ—Ç–∏–∑–∏—Ä–æ–≤–∞—Ç—å —Å–≤–æ–∏ –∑–Ω–∞–Ω–∏—è —Å –Ω—É–ª—è! üí° –î—Ä—É–∑—å—è! –í—Å–µ—Ö, –∫—Ç–æ —É—á–∞—Å—Ç–≤–æ–≤–∞–ª –≤ —á–µ–ª–ª–µ–Ω–¥–∂–µ, –ø—Ä–∏–≥–ª–∞—à–∞–µ–º –Ω–∞ –±–µ—Å–ø–ª–∞—Ç–Ω—ã–π —Ç—Ä–µ—Ö–¥–Ω–µ–≤–Ω—ã–π –ø—Ä–∞–∫—Ç–∏–∫—É–º –ø–æ –Ω–µ–π—Ä–æ—Å–µ—Ç—è–º, –≥–¥–µ –º—ã —Å–¥–µ–ª–∞–µ–º –µ—â—ë –±–æ–ª—å—à–µ –∫–ª–∞—Å—Å–Ω—ã—Ö —Ä–∞–±–æ—Ç, –ø–æ–ª—É—á–∏–º –Ω–æ–≤—ã–µ –Ω–∞–≤—ã–∫–∏ –∏ –∏–Ω—Å—Ç—Ä—É–º–µ–Ω—Ç—ã –¥–ª—è –∑–∞—Ä–∞–±–æ—Ç–∫–∞. üìÜ –°—Ç–∞—Ä—Ç –ø—Ä–∞–∫—Ç–∏–∫—É–º–∞: –î–∞—Ç–∞: 27 –æ–∫—Ç—è–±—Ä—è –í—Ä–µ–º—è: 15:00 –ø–æ –ú–æ—Å–∫–≤–µ –ü—Ä–æ–¥–æ–ª–∂–∏—Ç–µ–ª—å–Ω–æ—Å—Ç—å: 3 –¥–Ω—è –†–µ–≥–∏—Å—Ç—Ä–∞—Ü–∏—è: t.me/nz_ritorik... –°–ø–∞—Å–∏–±–æ –≤—Å–µ–º, –∫—Ç–æ –Ω–µ –ø–æ–±–æ—è–ª—Å—è, –ø—Ä–æ–±–æ–≤–∞–ª –Ω–æ–≤–æ–µ, –≤—ã–∫–ª–∞–¥—ã–≤–∞–ª —Å–≤–æ–∏ —Ä–∞–±–æ—Ç—ã –∏ –¥–µ–ª–∞–ª –ø–µ—Ä–≤—ã–µ —à–∞–≥–∏ –∫ –ò–ò-–¥–æ—Å—Ç–∏–∂–µ–Ω–∏—è–º! –ú—ã –æ—á–µ–Ω—å —Ü–µ–Ω–∏–º –≤–∞—à –ø—Ä–æ–≥—Ä–µ—Å—Å, —ç–Ω–µ—Ä–≥–∏—é –∏ –≤–¥–æ—Ö–Ω–æ–≤–µ–Ω–∏–µ ‚Äî –∏ —É–∂–µ –≥–æ—Ç–æ–≤–∏–º –¥–ª—è –≤–∞—Å –Ω–æ–≤—ã–µ —á–µ–ª–ª–µ–Ω–¥–∂–∏! –î–æ –≤—Å—Ç—Ä–µ—á–∏ –Ω–∞ –ø—Ä–∞–∫—Ç–∏–∫—É–º–µ! ü§óüíñ –í–∞—à–∞ –∫–æ–º–∞–Ω–¥–∞ #–ù–µ–π—Ä–æ–î–≤–∏–∂ –ï—Å–ª–∏ –Ω—É–∂–Ω–æ ‚Äî –º–æ–≥—É —Å–¥–µ–ª–∞—Ç—å –≤–µ—Ä—Å–∏—é –±–æ–ª–µ–µ —ç–º–æ—Ü–∏–æ–Ω–∞–ª—å–Ω—É—é, –¥–µ–ª–æ–≤—É—é, –ø—Ä–æ–¥–∞—é—â—É—é –∏–ª–∏ –∞–¥–∞–ø—Ç–∏—Ä–æ–≤–∞–Ω–Ω—É—é –ø–æ–¥ —Å—Ç–æ—Ä–∏—Å.",,938,2200,11,18,3,0,5.97,3.41,1.45,0.32,1.92,234.54,73.17,5.97,3.41,1.45,1.92,1212,173,1,4,8,0,1,0,0,1,0
2025-08-30 10:37:00,Google –ø—Ä–µ–¥—Å—Ç–∞–≤–∏–ª–∞ Nano Banana –∏ —ç—Ç–æ,"üöÄ Google –ø—Ä–µ–¥—Å—Ç–∞–≤–∏–ª–∞ Nano Banana –∏ —ç—Ç–æ –¥–µ–π—Å—Ç–≤–∏—Ç–µ–ª—å–Ω–æ –º–µ–Ω—è–µ—Ç –ø—Ä–∞–≤–∏–ª–∞ –∏–≥—Ä—ã! –ö–æ–≥–¥–∞ —è –≤–ø–µ—Ä–≤—ã–µ —É–≤–∏–¥–µ–ª–∞ –Ω–∞–∑–≤–∞–Ω–∏–µ, –ø–æ–¥—É–º–∞–ª–∞: ¬´–°–µ—Ä—å—ë–∑–Ω–æ? –ë–∞–Ω–∞–Ω?¬ª üçå –ù–æ –∏–º–µ–Ω–Ω–æ –≤ —ç—Ç–æ–º —Ö–∏—Ç—Ä–æ—Å—Ç—å: —Å–ª–æ–≤–æ –Ω–∞—Å—Ç–æ–ª—å–∫–æ –Ω–µ–æ–±—ã—á–Ω–æ–µ, —á—Ç–æ –∑–∞–±—ã—Ç—å –µ–≥–æ –Ω–µ–≤–æ–∑–º–æ–∂–Ω–æ. –ê –∑–∞ —ç—Ç–∏–º ¬´—Ñ—Ä—É–∫—Ç–æ–≤—ã–º –ø—Å–µ–≤–¥–æ–Ω–∏–º–æ–º¬ª –ø—Ä—è—á–µ—Ç—Å—è –Ω–æ–≤–∞—è –º–æ–¥–µ–ª—å Gemini 2.5 Flash Image ‚Äî –∏ –æ–Ω–∞ —É–∂–µ —É—Å–ø–µ–ª–∞ —É–¥–∏–≤–∏—Ç—å —Ä—ã–Ω–æ–∫ –∫–∞—á–µ—Å—Ç–≤–æ–º –≥–µ–Ω–µ—Ä–∞—Ü–∏–∏ (—Å–º–æ—Ç—Ä–∏ –∫–∞—Ä—É—Å–µ–ª—å üëÜ). –ö–∞–∫ –ø–æ–ø—Ä–æ–±–æ–≤–∞—Ç—å –ø—Ä—è–º–æ —Å–µ–π—á–∞—Å: 1Ô∏è‚É£ –ó–∞—Ö–æ–¥–∏–º –Ω–∞ AI Studio (–≤ –Ω–∞—Å—Ç—Ä–æ–π–∫–∞—Ö VPN –≤—ã–±–∏—Ä–∞–µ–º –°–®–ê). 2Ô∏è‚É£ –°–ª–µ–≤–∞ –æ—Ç–∫—Ä—ã–≤–∞–µ–º Chat. 3Ô∏è‚É£ –ó–∞–≥—Ä—É–∂–∞–µ–º —Ñ–æ—Ç–æ –∏ –ø–∏—à–µ–º –∑–∞–ø—Ä–æ—Å—ã –ø–æ-—Ä—É—Å—Å–∫–∏. –ò –≤—Å—ë, –º–æ–∂–Ω–æ —Ç–≤–æ—Ä–∏—Ç—å –±–µ–∑ –ª–∏—à–Ω–∏—Ö —Å–ª–æ–∂–Ω–æ—Å—Ç–µ–π. –ß—Ç–æ —É–º–µ–µ—Ç ¬´Nano Banana¬ª: üéØ –£–∑–Ω–∞–≤–∞–µ–º–æ–µ –ª–∏—Ü–æ (95% —Å–æ–≤–ø–∞–¥–µ–Ω–∏—è), –¥–∞–∂–µ –µ—Å–ª–∏ –º–µ–Ω—è–µ—Ç–µ —Å—Ç–∏–ª—å –∏–ª–∏ –ª–æ–∫–∞—Ü–∏—é üì∏ –°–º–µ—à–µ–Ω–∏–µ —Ñ–æ—Ç–æ: –≤—ã + –ø–∏—Ç–æ–º–µ—Ü = –∫–∞–¥—Ä, –±—É–¥—Ç–æ —Ä–µ–∞–ª—å–Ω–∞—è —Ñ–æ—Ç–æ—Å–µ—Å—Å–∏—è üé¨ –î–ª—è –≤–∏–¥–µ–æ: —Ä–∞—Å—à–∏—Ä—è–µ—Ç–µ –ø–ª–∞–Ω –∏–ª–∏ –º–µ–Ω—è–µ—Ç–µ —Ä–∞–∫—É—Ä—Å –≤ –¥–≤–∞ –∫–ª–∏–∫–∞, –∞ –∞—Ç–º–æ—Å—Ñ–µ—Ä–∞ –æ—Å—Ç–∞—ë—Ç—Å—è üè† –ò–Ω—Ç–µ—Ä—å–µ—Ä—ã: –ø–æ–∫–∞–∑–∞—Ç—å –∫–ª–∏–µ–Ω—Ç—É, –∫–∞–∫ –∫–æ–º–Ω–∞—Ç–∞ —Å–º–æ—Ç—Ä–∏—Ç—Å—è —Å –¥—Ä—É–≥–∏–º –ø–æ–ª–æ–º –∏–ª–∏ –º–µ–±–µ–ª—å—é üõç –ö–∞—Ä—Ç–æ—á–∫–∏ —Ç–æ–≤–∞—Ä–æ–≤: —Ñ–æ–Ω + –ø—Ä–æ–¥—É–∫—Ç ‚Üí –≥–æ—Ç–æ–≤–æ–µ —Ñ–æ—Ç–æ –±–µ–∑ –∞—Ä–µ–Ω–¥—ã —Å—Ç—É–¥–∏–∏ üëó –û–¥–µ–∂–¥–∞ –∏ –∞–∫—Å–µ—Å—Å—É–∞—Ä—ã: –ø—Ä–∏–º–µ—Ä–∫–∞ –ø—Ä—è–º–æ –≤ —á–∞—Ç–µ üé® –ü–µ—Ä–µ–Ω–æ—Å —Å—Ç–∏–ª—è —Å –æ–¥–Ω–æ–π –∫–∞—Ä—Ç–∏–Ω–∫–∏ –Ω–∞ –¥—Ä—É–≥—É—é ‚ö° –£—Å–ø–µ—Ö —Å –ø–µ—Ä–≤–æ–π –≥–µ–Ω–µ—Ä–∞—Ü–∏–∏ ‚Äî –±–æ–ª—å—à–µ –Ω–∏–∫–∞–∫–∏—Ö ¬´–ø–æ–ø—Ä–æ–±—É—é –µ—â—ë —Ä–∞–∑¬ª. –ì–¥–µ –¥–æ—Å—Ç—É–ø–Ω–æ: üîπ AI Studio ‚Äî –±–µ—Å–ø–ª–∞—Ç–Ω–æ, 100 –ø—Ä–∞–≤–æ–∫ –≤ –¥–µ–Ω—å üîπ –ü–æ–¥–ø–∏—Å–∫–∞ ‚Äî –¥–æ 1000 –ø—Ä–∞–≤–æ–∫ üîπ Krea.ai –∏ Higgsfield ‚Äî –ø–æ –ø–æ–¥–ø–∏—Å–∫–µ. üí° –ì–¥–µ –ø—Ä–∏–≥–æ–¥–∏—Ç—Å—è: ‚Äî –≠–∫—Å–ø–µ—Ä—Ç–∞–º –∏ —Ñ—Ä–∏–ª–∞–Ω—Å–µ—Ä–∞–º –¥–ª—è —Å–µ—Ä–∏–π–Ω—ã—Ö –ø–æ—Å—Ç–æ–≤ –∏ –µ–¥–∏–Ω—ã—Ö –æ–±—Ä–∞–∑–æ–≤ ‚Äî –û–Ω–ª–∞–π–Ω-–º–∞–≥–∞–∑–∏–Ω–∞–º –¥–ª—è —ç–∫–æ–Ω–æ–º–∏–∏ –Ω–∞ —Ñ–æ—Ç–æ—Å–µ—Å—Å–∏—è—Ö ‚Äî –ë–ª–æ–≥–µ—Ä–∞–º –¥–ª—è –±—ã—Å—Ç—Ä—ã—Ö –º–µ–º–æ–≤ –∏ –≤–∏–∑—É–∞–ª—å–Ω—ã—Ö –∏—Å—Ç–æ—Ä–∏–π ‚Äî –î–∏–∑–∞–π–Ω–µ—Ä–∞–º –¥–ª—è –Ω–∞–≥–ª—è–¥–Ω—ã—Ö –ø—Ä–∏–º–µ—Ä–æ–≤ –∏–Ω—Ç–µ—Ä—å–µ—Ä–æ–≤ –∏ —Å—Ç–∏–ª—è. ‚ú® –†–∞–Ω—å—à–µ –≥–µ–Ω–µ—Ä–∞—Ü–∏—è –±—ã–ª–∞ –∫–∞–∫ –ª–æ—Ç–µ—Ä–µ—è: —É–≥–∞–¥–∞–ª —Å –ø—Ä–æ–º–ø—Ç–æ–º –∏–ª–∏ –Ω–µ—Ç. –¢–µ–ø–µ—Ä—å —ç—Ç–æ –∏–Ω—Å—Ç—Ä—É–º–µ–Ω—Ç, –Ω–∞ –∫–æ—Ç–æ—Ä—ã–π –º–æ–∂–Ω–æ –æ–ø–µ—Ä–µ—Ç—å—Å—è. –î–∞, –Ω–∞–∑–≤–∞–Ω–∏–µ —Å–º–µ—à–Ω–æ–µ, –Ω–æ –∏–º–µ–Ω–Ω–æ —Ç–∞–∫–∏–µ —Ç–µ—Ö–Ω–æ–ª–æ–≥–∏–∏ –æ—Ç–∫—Ä—ã–≤–∞—é—Ç –Ω–æ–≤—É—é —Ä–µ–∞–ª—å–Ω–æ—Å—Ç—å. üìå –ò –µ—â—ë –≤–∞–∂–Ω—ã–π –º–æ–º–µ–Ω—Ç: –≤ ¬´–õ—ë–≥–∫–æ–º –Ω–µ–π—Ä–æ—Ñ—Ä–∏–ª–∞–Ω—Å–µ¬ª –º—ã –¥–æ–ø–æ–ª–Ω–∏–ª–∏ –±–ª–æ–∫ –ø—Ä–æ –Ω–µ–π—Ä–æ—Ñ–æ—Ç–æ—Å–µ—Å—Å–∏–∏ –∏ —Ä–∞–∑–±–µ—Ä—ë–º Nano Banana –¥–µ—Ç–∞–ª—å–Ω–æ, —á—Ç–æ–±—ã –≤—ã –º–æ–≥–ª–∏ –Ω–µ –ø—Ä–æ—Å—Ç–æ ¬´–∏–≥—Ä–∞—Ç—å—Å—è¬ª, –∞ –∑–∞—Ä–∞–±–∞—Ç—ã–≤–∞—Ç—å –Ω–∞ —ç—Ç–∏—Ö –∏–Ω—Å—Ç—Ä—É–º–µ–Ω—Ç–∞—Ö. üöÄ –°—Ç–∞—Ä—Ç —É–∂–µ 15 —Å–µ–Ω—Ç—è–±—Ä—è. –ü—Ä–∏—Å–æ–µ–¥–∏–Ω—è–π—Ç–µ—Å—å, —á—Ç–æ–±—ã –Ω–µ –æ—Å—Ç–∞—Ç—å—Å—è –≤ —Å—Ç–æ—Ä–æ–Ω–µ –æ—Ç –Ω–æ–≤–æ–π –≤–æ–ª–Ω—ã –≤–∏–∑—É–∞–ª—å–Ω–æ–≥–æ –∫–æ–Ω—Ç–µ–Ω—Ç–∞. –ï—Å–ª–∏ –Ω—É–∂–Ω–æ ‚Äî –º–æ–≥—É —Å–¥–µ–ª–∞—Ç—å –∫–æ–º–ø–∞–∫—Ç–Ω—É—é –≤–µ—Ä—Å–∏—é, –ø—Ä–æ–¥–∞—é—â—É—é, –∞–¥–∞–ø—Ç–∞—Ü–∏—é –¥–ª—è —Å—Ç–æ—Ä–∏—Å –∏–ª–∏ –æ—Ñ–æ—Ä–º–ª–µ–Ω–∏–µ –∫–∞—Ä—É—Å–µ–ª–∏.",,2400,6200,55,8,20,0,5.46,3.46,1.34,0.83,0.33,258.33,79.83,5.46,3.46,1.34,0.33,2069,325,1,21,1,2,1,1,0,1,0
2025-11-02 22:13:00,–ü–æ–∫–∞ –≤—ã –∂–¥—ë—Ç–µ –ø–æ–¥—Ö–æ–¥—è—â–∏–π,"–ü–æ–∫–∞ –≤—ã –∂–¥—ë—Ç–µ ¬´–ø–æ–¥—Ö–æ–¥—è—â–∏–π –º–æ–º–µ–Ω—Ç¬ª, –¥—Ä—É–≥–∏–µ —É–∂–µ –±–µ—Ä—É—Ç –≤–∞—à–∏—Ö –∫–ª–∏–µ–Ω—Ç–æ–≤. –ú—ã –≤—Å–µ –≥–æ–≤–æ—Ä–∏–º —Å–µ–±–µ: ¬´–í–æ—Ç —Å–µ–π—á–∞—Å –∑–∞–∫–æ–Ω—á—É –¥–µ–ª–∞‚Ä¶¬ª, ¬´–ö–æ–≥–¥–∞ —Å—Ç–∞–Ω–µ—Ç –ø–æ–ª–µ–≥—á–µ‚Ä¶¬ª, ¬´–ö–æ–≥–¥–∞ –ø–æ—è–≤–∏—Ç—Å—è –≤—Ä–µ–º—è –∏ –≤–¥–æ—Ö–Ω–æ–≤–µ–Ω–∏–µ‚Ä¶¬ª. –ù–æ –∑–Ω–∞–µ—Ç–µ, —á—Ç–æ –ø—Ä–æ–∏—Å—Ö–æ–¥–∏—Ç –≤ —ç—Ç–æ—Ç –º–æ–º–µ–Ω—Ç? –ö—Ç–æ-—Ç–æ –¥—Ä—É–≥–æ–π –ø—Ä–æ—Å—Ç–æ –¥–µ–ª–∞–µ—Ç. –ë–µ–∑ –∏–¥–µ–∞–ª—å–Ω—ã—Ö —É—Å–ª–æ–≤–∏–π. –ë–µ–∑ —É–≤–µ—Ä–µ–Ω–Ω–æ—Å—Ç–∏. –ü—Ä–æ—Å—Ç–æ –ø–æ—Ç–æ–º—É, —á—Ç–æ —É—Å—Ç–∞–ª –∂–¥–∞—Ç—å. –ê –ø–æ—Ç–æ–º –∏–º–µ–Ω–Ω–æ –æ–Ω –ø–æ–ª—É—á–∞–µ—Ç –∑–∞–∫–∞–∑, –ø–µ—Ä–≤—ã–µ –¥–µ–Ω—å–≥–∏, –ø–µ—Ä–≤—ã–π –∫–µ–π—Å. –ò —É–∂–µ –Ω–µ –¥—É–º–∞–µ—Ç, ¬´–∞ –≥–æ—Ç–æ–≤ –ª–∏ —è¬ª. üí° –ò—Å—Ç–∏–Ω–∞ –ø—Ä–æ—Å—Ç–∞—è: –≥–ª–∞–≤–Ω—ã–π —Ç–æ—Ç, –∫—Ç–æ —Ä–µ—à–∏–ª—Å—è. –ò–ò, —Ñ—Ä–∏–ª–∞–Ω—Å, –Ω–æ–≤—ã–µ —Ñ–æ—Ä–º–∞—Ç—ã —Ä–∞–±–æ—Ç—ã ‚Äî —ç—Ç–æ –Ω–µ ‚Äú–¥–ª—è —Ç–µ—Ö, –∫—Ç–æ —É—Å–ø–µ–ª —Ä–∞–Ω—å—à–µ‚Äù. –≠—Ç–æ –¥–ª—è —Ç–µ—Ö, –∫—Ç–æ –Ω–µ –±–æ–∏—Ç—Å—è –Ω–∞—á–∞—Ç—å —Å–µ–π—á–∞—Å. –ü–æ–∫–∞ –æ—Å—Ç–∞–ª—å–Ω—ã–µ –∞–Ω–∞–ª–∏–∑–∏—Ä—É—é—Ç –∏ —Å–æ–º–Ω–µ–≤–∞—é—Ç—Å—è. –ó–∞–≤—Ç—Ä–∞ —Å—Ç–∞—Ä—Ç –∫—É—Ä—Å–∞, –∞ —Å–µ–≥–æ–¥–Ω—è –ø–æ—Å–ª–µ–¥–Ω–∏–π –¥–µ–Ω—å –ø–µ—Ä–µ–¥ –ø–æ–≤—ã—à–µ–Ω–∏–µ–º —Ü–µ–Ω—ã –Ω–∞ ¬´–õ—ë–≥–∫–∏–π –Ω–µ–π—Ä–æ—Ñ—Ä–∏–ª–∞–Ω—Å¬ª (+20%). –ò –µ—Å–ª–∏ –≤—ã —á—É–≤—Å—Ç–≤—É–µ—Ç–µ, —á—Ç–æ –≤—Å—ë —É–∂–µ –≥–æ—Ç–æ–≤–æ, –∫—Ä–æ–º–µ‚Ä¶ —Ä–µ—à–µ–Ω–∏—è, –≤–æ—Ç –æ–Ω, –≤–∞—à –∑–Ω–∞–∫. üöÄ –ù–∞ –∫—É—Ä—Å–µ 83% —É—á–µ–Ω–∏–∫–æ–≤ –Ω–∞—Ö–æ–¥—è—Ç –ø–µ—Ä–≤—ã—Ö –∑–∞–∫–∞–∑—á–∏–∫–æ–≤ –ø—Ä—è–º–æ –≤–æ –≤—Ä–µ–º—è –æ–±—É—á–µ–Ω–∏—è. –†–µ–∫–æ—Ä–¥ –∑–∞—Ä–∞–±–æ—Ç–∫–∞ 200 000 ‚ÇΩ –∑–∞ –∫—É—Ä—Å. –ù–æ –¥–∞–∂–µ –Ω–µ –≤ —ç—Ç–æ–º —Å—É—Ç—å. –ì–ª–∞–≤–Ω–æ–µ, –≤—ã –ø–µ—Ä–µ—Å—Ç–∞—ë—Ç–µ –∂–∏—Ç—å –≤ —Ä–µ–∂–∏–º–µ ¬´–∂–¥—É, –∫–æ–≥–¥–∞ –ø–æ–ª—É—á–∏—Ç—Å—è¬ª. –ò –Ω–∞—á–∏–Ω–∞–µ—Ç–µ –¥–µ–ª–∞—Ç—å, —á—Ç–æ–±—ã –ø–æ–ª—É—á–∏–ª–æ—Å—å. üé• –ê –∑–∞–≤—Ç—Ä–∞ –≤ 12:00 ‚Äî –ø–µ—Ä–≤—ã–π —Å–æ–∑–≤–æ–Ω 8 –ø–æ—Ç–æ–∫–∞. –í—Ö–æ–¥ —Å–≤–æ–±–æ–¥–Ω—ã–π –¥–ª—è –≤—Å–µ—Ö. –î–∞–∂–µ –µ—Å–ª–∏ –≤—ã –ø–æ–∫–∞ –Ω–µ –≤ –∫–æ–º–∞–Ω–¥–µ. –°—Å—ã–ª–∫–∞ –Ω–∞ –≤—Å—Ç—Ä–µ—á—É: us02web.zoom.us/j/9345127023 --- ü§î –û—Ç–≤–µ—Ç—å—Ç–µ, —Ç–æ–ª—å–∫–æ —á–µ—Å—Ç–Ω–æ: –≤—ã —Å–µ–π—á–∞—Å —É–ø—Ä–∞–≤–ª—è–µ—Ç–µ —Å–≤–æ–µ–π –∂–∏–∑–Ω—å—é?",,1000,2600,37,4,0,0,2025-05-04 00:00:00,2025-01-04 00:00:00,1.58,0.0,0.4,260.0,79.88,4.5,,1.58,0.4,1243,200,1,3,0,2,1,1,1,1,0
